# Blender 4.2.2 LTS
# www.blender.org
mtllib brick_building.mtl
o Cube
v -3.000002 6.000000 -2.999998
v -3.000002 0.000000 -2.999998
v 2.999998 6.000000 -3.000002
v 2.999998 0.000000 -3.000002
v -2.999998 6.000000 3.000002
v -2.999998 0.000000 3.000002
v 3.000002 6.000000 2.999998
v 3.000002 0.000000 2.999998
v -3.000002 3.215437 -2.999998
v 3.000002 3.215437 2.999998
v 2.999998 3.215437 -3.000002
v -2.999998 3.215437 3.000002
v 3.000002 4.611680 2.999998
v -3.000002 4.611680 -2.999998
v 2.999998 4.611680 -3.000002
v -2.999998 4.611680 3.000002
v -3.000002 1.500000 -2.999998
v 2.999998 1.500000 -3.000002
v -2.999998 1.500000 3.000002
v 3.000002 1.500000 2.999998
v 3.000002 5.762237 2.999998
v -3.000002 5.762237 -2.999998
v 2.999998 5.762237 -3.000002
v -2.999998 5.762237 3.000002
v -3.000002 0.309982 -2.999998
v 2.999998 0.309982 -3.000002
v -2.999998 0.309982 3.000002
v 3.000002 0.309982 2.999998
v 3.000002 0.406436 2.999998
v -3.000002 0.406436 -2.999998
v 2.999998 0.406436 -3.000002
v -2.999998 0.406436 3.000002
v -3.013898 0.404625 -3.013894
v -3.013898 0.307725 -3.013894
v 3.013894 0.404625 -3.013898
v 3.013894 0.307725 -3.013898
v -3.013894 0.404625 3.013898
v -3.013894 0.307725 3.013898
v 3.013898 0.307725 3.013894
v 3.013898 0.404625 3.013894
v -3.009372 0.390053 -3.009367
v -3.009372 0.322296 -3.009367
v 3.009367 0.390053 -3.009372
v 3.009367 0.322296 -3.009372
v -3.009367 0.390053 3.009372
v -3.009367 0.322296 3.009372
v 3.009372 0.322296 3.009367
v 3.009372 0.390053 3.009367
v -1.888317 0.000000 3.000001
v -1.888322 6.000000 -2.999999
v -1.888317 6.000000 3.000001
v -1.888322 0.000000 -2.999999
v -1.888322 3.215437 -2.999999
v -1.888317 3.215437 3.000001
v -1.888322 4.611680 -2.999999
v -1.888317 4.611680 3.000001
v -1.888317 1.500000 3.000001
v -1.888322 1.500000 -2.999999
v -1.888322 5.762237 -2.999999
v -1.888317 5.762237 3.000001
v -1.888322 0.309982 -2.999999
v -1.888317 0.309982 3.000001
v -1.888322 0.406436 -2.999999
v -1.888317 0.406436 3.000001
v -1.897069 0.307725 -3.013895
v -1.897064 0.307725 3.013897
v -1.897069 0.404625 -3.013895
v -1.897064 0.404625 3.013897
v -1.894219 0.322296 -3.009368
v -1.894214 0.322296 3.009371
v -1.894219 0.390053 -3.009368
v -1.894214 0.390053 3.009371
v 1.999432 0.000000 2.999998
v 1.999427 6.000000 -3.000002
v 1.999427 3.215437 -3.000002
v 1.999427 4.611680 -3.000002
v 1.999427 1.500000 -3.000002
v 1.999427 5.762237 -3.000002
v 1.999427 0.309982 -3.000002
v 1.999427 0.406436 -3.000002
v 2.008689 0.307725 -3.013898
v 2.008689 0.404625 -3.013898
v 2.005672 0.322296 -3.009371
v 2.005672 0.390053 -3.009371
v 1.999432 6.000000 2.999998
v 1.999427 0.000000 -3.000002
v 1.999432 3.215437 2.999998
v 1.999432 4.611680 2.999998
v 1.999432 1.500000 2.999998
v 1.999432 5.762237 2.999998
v 1.999432 0.309982 2.999998
v 1.999432 0.406436 2.999998
v 2.008693 0.307725 3.013894
v 2.008693 0.404625 3.013894
v 2.005677 0.322296 3.009367
v 2.005677 0.390053 3.009367
v -2.619430 6.000000 3.000002
v -2.619434 0.000000 -2.999998
v -2.619430 3.215437 3.000002
v -2.619430 4.611680 3.000002
v -2.619430 1.500000 3.000002
v -2.619430 5.762237 3.000002
v -2.619430 0.309982 3.000002
v -2.619430 0.406436 3.000002
v -2.631563 0.307725 3.013898
v -2.631563 0.404625 3.013898
v -2.627610 0.322296 3.009371
v -2.627610 0.390053 3.009371
v -2.619430 0.000000 3.000002
v -2.619434 6.000000 -2.999998
v -2.619434 3.215437 -2.999998
v -2.619434 4.611680 -2.999998
v -2.619434 1.500000 -2.999998
v -2.619434 5.762237 -2.999998
v -2.619434 0.309982 -2.999998
v -2.619434 0.406436 -2.999998
v -2.631568 0.307725 -3.013894
v -2.631568 0.404625 -3.013894
v -2.627615 0.322296 -3.009367
v -2.627615 0.390053 -3.009367
v 2.690088 0.000000 2.999998
v 2.690083 6.000000 -3.000002
v 2.690083 3.215437 -3.000002
v 2.690083 4.611680 -3.000002
v 2.690083 1.500000 -3.000002
v 2.690083 5.762237 -3.000002
v 2.690083 0.309982 -3.000002
v 2.690083 0.406436 -3.000002
v 2.702543 0.307725 -3.013898
v 2.702543 0.404625 -3.013898
v 2.698484 0.322296 -3.009371
v 2.698484 0.390053 -3.009371
v 2.690088 6.000000 2.999998
v 2.690083 0.000000 -3.000002
v 2.690088 3.215437 2.999998
v 2.690088 4.611680 2.999998
v 2.690088 1.500000 2.999998
v 2.690088 5.762237 2.999998
v 2.690088 0.309982 2.999998
v 2.690088 0.406436 2.999998
v 2.702548 0.307725 3.013894
v 2.702548 0.404625 3.013894
v 2.698489 0.322296 3.009367
v 2.698489 0.390053 3.009367
v -1.571207 6.000000 3.000001
v -1.571212 0.000000 -2.999999
v -1.571207 3.215437 3.000001
v -1.571207 4.611680 3.000001
v -1.571207 1.500000 3.000001
v -1.571207 5.762237 3.000001
v -1.571207 0.309982 3.000001
v -1.571207 0.406436 3.000001
v -1.578485 0.307725 3.013897
v -1.578485 0.404625 3.013897
v -1.576114 0.322296 3.009370
v -1.576114 0.390053 3.009370
v -1.571207 0.000000 3.000001
v -1.571212 6.000000 -2.999999
v -1.571212 3.215437 -2.999999
v -1.571212 4.611680 -2.999999
v -1.571212 1.500000 -2.999999
v -1.571212 5.762237 -2.999999
v -1.571212 0.309982 -2.999999
v -1.571212 0.406436 -2.999999
v -1.578490 0.307725 -3.013895
v -1.578490 0.404625 -3.013895
v -1.576119 0.322296 -3.009368
v -1.576119 0.390053 -3.009368
v 1.671789 0.000000 2.999999
v 1.671784 6.000000 -3.000001
v 1.671784 3.215437 -3.000001
v 1.671784 4.611680 -3.000001
v 1.671784 1.500000 -3.000001
v 1.671784 5.762237 -3.000001
v 1.671784 0.309982 -3.000001
v 1.671784 0.406436 -3.000001
v 1.679528 0.307725 -3.013897
v 1.679528 0.404625 -3.013897
v 1.677005 0.322296 -3.009371
v 1.677005 0.390053 -3.009371
v 1.671789 6.000000 2.999999
v 1.671784 0.000000 -3.000001
v 1.671789 3.215437 2.999999
v 1.671789 4.611680 2.999999
v 1.671789 1.500000 2.999999
v 1.671789 5.762237 2.999999
v 1.671789 0.309982 2.999999
v 1.671789 0.406436 2.999999
v 1.679533 0.307725 3.013895
v 1.679533 0.404625 3.013895
v 1.677010 0.322296 3.009368
v 1.677010 0.390053 3.009368
v 0.922807 6.000000 2.999999
v 0.922802 0.000000 -3.000001
v 0.922807 3.215437 2.999999
v 0.922807 4.611680 2.999999
v 0.922807 1.500000 2.999999
v 0.922807 5.762237 2.999999
v 0.922807 0.309982 2.999999
v 0.922807 0.406436 2.999999
v 0.927082 0.307725 3.013895
v 0.927082 0.404625 3.013895
v 0.925689 0.322296 3.009368
v 0.925689 0.390053 3.009368
v 0.922807 0.000000 2.999999
v 0.922802 6.000000 -3.000001
v 0.922802 3.215437 -3.000001
v 0.922802 4.611680 -3.000001
v 0.922802 1.500000 -3.000001
v 0.922802 5.762237 -3.000001
v 0.922802 0.309982 -3.000001
v 0.922802 0.406436 -3.000001
v 0.927077 0.307725 -3.013897
v 0.927077 0.404625 -3.013897
v 0.925684 0.322296 -3.009370
v 0.925684 0.390053 -3.009370
v -0.865695 6.000000 3.000001
v -0.865700 0.000000 -2.999999
v -0.865695 3.215437 3.000001
v -0.865695 4.611680 3.000001
v -0.865695 1.500000 3.000001
v -0.865695 5.762237 3.000001
v -0.865695 0.309982 3.000001
v -0.865695 0.406436 3.000001
v -0.869705 0.307725 3.013897
v -0.869705 0.404625 3.013897
v -0.868399 0.322296 3.009370
v -0.868399 0.390053 3.009370
v -0.865695 0.000000 3.000001
v -0.865700 6.000000 -2.999999
v -0.865700 3.215437 -2.999999
v -0.865700 4.611680 -2.999999
v -0.865700 1.500000 -2.999999
v -0.865700 5.762237 -2.999999
v -0.865700 0.309982 -2.999999
v -0.865700 0.406436 -2.999999
v -0.869710 0.307725 -3.013895
v -0.869710 0.404625 -3.013895
v -0.868404 0.322296 -3.009368
v -0.868404 0.390053 -3.009368
v 0.685993 0.000000 3.000000
v 0.685988 6.000000 -3.000000
v 0.685988 3.215437 -3.000000
v 0.685988 4.611680 -3.000000
v 0.685988 1.500000 -3.000000
v 0.685988 5.762237 -3.000000
v 0.685988 0.309982 -3.000000
v 0.685988 0.406436 -3.000000
v 0.922802 0.152039 -3.072251
v 0.685988 0.152039 -3.072251
v -0.619974 0.000000 -3.072250
v 0.922802 0.000000 -3.072251
v 0.685993 6.000000 3.000000
v 0.685988 0.000000 -3.000000
v 0.685993 3.215437 3.000000
v 0.685993 4.611680 3.000000
v 0.685993 1.500000 3.000000
v 0.685993 5.762237 3.000000
v 0.685993 0.309982 3.000000
v 0.685993 0.406436 3.000000
v 0.689170 0.307725 3.013896
v 0.689170 0.404625 3.013896
v 0.688135 0.322296 3.009369
v 0.688135 0.390053 3.009369
v -0.619969 6.000000 3.000000
v -0.619974 0.000000 -3.000000
v -0.619969 3.215437 3.000000
v -0.619969 4.611680 3.000000
v -0.619969 1.500000 3.000000
v -0.619969 5.762237 3.000000
v -0.619969 0.309982 3.000000
v -0.619969 0.406436 3.000000
v -0.622841 0.307725 3.013896
v -0.622841 0.404625 3.013896
v -0.621906 0.322296 3.009370
v -0.621906 0.390053 3.009370
v -0.619969 0.000000 3.000000
v -0.619974 6.000000 -3.000000
v -0.619974 3.215437 -3.000000
v -0.619974 4.611680 -3.000000
v -0.619974 1.500000 -3.000000
v -0.619974 5.762237 -3.000000
v -0.619974 0.309982 -3.000000
v -0.619974 0.406436 -3.000000
v 0.922802 1.500000 -3.072251
v 0.685988 1.500000 -3.072251
v 0.922802 0.406436 -3.072251
v 0.685988 0.406436 -3.072251
v -0.865700 0.000000 -3.072249
v -0.865700 1.500000 -3.072249
v -0.865700 0.406436 -3.072249
v -0.865700 0.152039 -3.072249
v 0.685988 0.000000 -3.072251
v -0.619974 1.500000 -3.072250
v -0.619974 0.152039 -3.072250
v -0.619974 0.406436 -3.072250
v 0.685988 0.049556 -3.129926
v 0.922802 0.049556 -3.129926
v -0.865700 0.049556 -3.129925
v -0.619974 0.049556 -3.129925
v 0.685988 0.000000 -3.129926
v 0.922802 0.000000 -3.129926
v -0.865700 0.000000 -3.129925
v -0.619974 0.000000 -3.129925
v -0.619974 0.109522 -3.000000
v 0.685988 0.109522 -3.000000
v 0.685988 0.000000 -3.000000
v -0.619974 0.000000 -3.000000
v -0.619974 0.309982 -2.871392
v 0.685988 0.309982 -2.871393
v -0.619974 0.109522 -2.871392
v 0.685988 0.109522 -2.871393
v 0.728083 1.525410 -2.967887
v 0.980111 1.525410 -2.967887
v -0.923295 1.525410 -3.104363
v -0.923295 1.525410 -2.967886
v -0.661782 1.525410 -2.967886
v -0.661782 1.525410 -3.104363
v 0.728083 1.525410 -3.104364
v 0.980111 1.525410 -3.104364
v 0.728083 1.616536 -2.967887
v 0.980111 1.616536 -2.967887
v -0.923295 1.616536 -3.104363
v -0.923295 1.616536 -2.967886
v -0.661782 1.616536 -2.967886
v -0.661782 1.616536 -3.104363
v 0.728083 1.616536 -3.104364
v 0.980111 1.616536 -3.104364
v -0.619974 0.204003 -2.871392
v 0.685988 0.204003 -2.871393
v -0.619974 0.109522 -2.871392
v 0.685988 0.109522 -2.871393
v -0.619974 0.309982 -2.742702
v 0.685988 0.309982 -2.742703
v -0.619974 0.204003 -2.742702
v 0.685988 0.204003 -2.742703
v -0.619974 1.500000 -2.355820
v 0.685989 1.500000 -2.355821
v -0.619974 0.309982 -2.355820
v 0.685989 0.309982 -2.355821
v -0.619974 0.406436 -2.355820
v 0.685989 0.406436 -2.355821
v -0.619974 1.500000 -3.000000
v 0.685988 1.500000 -3.000000
v 0.848548 1.500000 -2.871393
v 0.685988 0.406436 -3.000000
v 0.848548 0.406436 -2.871393
v -0.619974 0.309982 -3.000000
v -0.619974 0.406436 -3.000000
v 0.685988 0.309982 -3.000000
v -0.782534 1.500000 -2.871392
v -0.782534 0.309982 -2.871392
v -0.782533 0.309982 -2.742702
v -0.782534 0.406436 -2.871392
v 0.848548 0.309982 -2.871393
v -0.782533 1.500000 -2.742702
v 0.848548 1.500000 -2.742703
v 0.848548 0.309982 -2.742703
v 0.848548 0.309982 -2.355821
v 0.848548 0.406436 -2.742703
v -0.782533 0.406436 -2.742702
v -0.782533 1.500000 -2.355819
v 0.848548 1.500000 -2.355821
v 0.848548 0.406436 -2.355821
v -0.782533 0.309982 -2.355819
v -0.782533 0.406436 -2.355819
v 3.000002 1.749750 2.999998
v -3.000002 1.749750 -2.999998
v 2.999998 1.749750 -3.000002
v -2.999998 1.749750 3.000002
v -1.888317 1.749750 3.000001
v -1.888322 1.749750 -2.999999
v 1.999432 1.749750 2.999998
v 1.999427 1.749750 -3.000002
v -2.619434 1.749750 -2.999998
v -2.619430 1.749750 3.000002
v 2.690088 1.749750 2.999998
v 2.690083 1.749750 -3.000002
v -1.571212 1.749750 -2.999999
v -1.571207 1.749750 3.000001
v 1.671789 1.749750 2.999999
v 1.671784 1.749750 -3.000001
v 0.922802 1.749750 -3.000001
v 0.922807 1.749750 2.999999
v -0.865700 1.749750 -2.999999
v -0.865695 1.749750 3.000001
v 0.685993 1.749750 3.000000
v 0.685988 1.749750 -3.000000
v -0.619974 1.749750 -3.000000
v -0.619969 1.749750 3.000000
v -2.556848 1.464959 -2.999998
v -1.950909 1.464959 -2.999998
v -2.556848 0.441476 -2.999998
v -1.950909 0.441476 -2.999998
v 2.058551 1.464959 -3.000002
v 2.058551 0.441476 -3.000002
v 2.630960 1.464959 -3.000002
v 2.630960 0.441476 -3.000002
v -1.510817 1.464959 -2.999999
v -1.510817 0.441476 -2.999999
v 0.986919 1.464959 -3.000001
v 1.607668 1.464959 -3.000001
v 0.986919 0.441476 -3.000001
v 1.607668 0.441476 -3.000001
v -0.926095 1.464959 -2.999999
v -0.926095 0.441476 -2.999999
v -2.556848 1.464959 -2.941819
v -1.950909 1.464959 -2.941820
v -2.556848 0.441476 -2.941819
v -1.950909 0.441476 -2.941820
v 2.058551 1.464959 -2.941823
v 2.058551 0.441476 -2.941823
v 2.630960 1.464959 -2.941823
v 2.630960 0.441476 -2.941823
v -1.510817 1.464959 -2.941820
v -1.510817 0.441476 -2.941820
v 0.986919 1.464959 -2.941822
v 1.607668 1.464959 -2.941823
v 0.986919 0.441476 -2.941822
v 1.607668 0.441476 -2.941823
v -0.926095 1.464959 -2.941821
v -0.926095 0.441476 -2.941821
v 3.000002 0.953218 2.999998
v -3.000002 0.953218 -2.999998
v 2.999998 0.953218 -3.000002
v -2.999998 0.953218 3.000002
v -1.888322 0.953218 -2.999999
v -1.888317 0.953218 3.000001
v 1.999432 0.953218 2.999998
v 1.999427 0.953218 -3.000002
v -2.619434 0.953218 -2.999998
v -2.619430 0.953218 3.000002
v 2.690088 0.953218 2.999998
v 2.690083 0.953218 -3.000002
v -1.571212 0.953218 -2.999999
v -1.571207 0.953218 3.000001
v 1.671789 0.953218 2.999999
v 1.671784 0.953218 -3.000001
v 0.922802 0.953218 -3.000001
v 0.922807 0.953218 2.999999
v -0.865700 0.953218 -2.999999
v -0.865695 0.953218 3.000001
v 0.685993 0.953218 3.000000
v 0.685988 0.953218 -3.072251
v 0.685988 0.953218 -3.000000
v -0.865700 0.953218 -3.072249
v 0.922802 0.953218 -3.072251
v -0.619974 0.953218 -3.000000
v -0.619969 0.953218 3.000000
v -0.619974 0.953218 -3.072250
v 0.685989 0.953218 -2.355821
v -0.619974 0.953218 -2.355820
v 0.685988 0.953218 -3.000000
v -0.619974 0.953218 -3.000000
v 0.848548 0.953218 -2.871393
v -0.782534 0.953218 -2.871392
v 0.848548 0.953218 -2.742703
v -0.782533 0.953218 -2.742702
v 0.848548 0.953218 -2.355821
v -0.782533 0.953218 -2.355819
v -1.950909 0.953218 -2.999998
v 2.058551 0.953218 -3.000002
v -2.556848 0.953218 -2.999998
v 2.630960 0.953218 -3.000002
v -1.510817 0.953218 -2.999999
v 1.607668 0.953218 -3.000001
v 0.986919 0.953218 -3.000001
v -0.926095 0.953218 -2.999999
v -1.950909 0.953218 -2.941820
v 2.058551 0.953218 -2.941823
v -2.556848 0.953218 -2.941819
v 2.630960 0.953218 -2.941823
v -1.510817 0.953218 -2.941820
v 1.607668 0.953218 -2.941823
v 0.986919 0.953218 -2.941822
v -0.926095 0.953218 -2.941821
v -2.520639 0.989426 -2.941819
v -2.520639 1.428751 -2.941819
v -1.987117 1.428751 -2.941820
v -1.987117 0.989426 -2.941820
v 2.094759 0.989426 -2.941823
v 2.094759 1.428751 -2.941823
v 2.594751 1.428751 -2.941823
v 2.594751 0.989426 -2.941823
v 1.023127 0.989426 -2.941822
v 1.023127 1.428751 -2.941822
v 1.571459 1.428751 -2.941823
v 1.571459 0.989426 -2.941823
v -1.474608 0.989426 -2.941820
v -1.474608 1.428751 -2.941820
v -0.962304 1.428751 -2.941821
v -0.962304 0.989426 -2.941821
v -1.474608 0.477685 -2.941820
v -1.474608 0.917009 -2.941820
v -0.962304 0.917009 -2.941821
v -0.962304 0.477685 -2.941821
v 1.023127 0.477685 -2.941822
v 1.023127 0.917009 -2.941822
v 1.571459 0.917009 -2.941823
v 1.571459 0.477685 -2.941823
v 2.094759 0.477685 -2.941823
v 2.094759 0.917009 -2.941823
v 2.594751 0.917009 -2.941823
v 2.594751 0.477685 -2.941823
v -2.520639 0.477685 -2.941819
v -2.520639 0.917009 -2.941819
v -1.987117 0.917009 -2.941820
v -1.987117 0.477685 -2.941820
v -2.520639 1.428751 -2.881833
v -2.520639 0.989426 -2.881833
v -1.987117 0.989426 -2.881834
v -1.987117 1.428751 -2.881834
v 2.094759 1.428751 -2.881837
v 2.094759 0.989426 -2.881837
v 2.594751 0.989426 -2.881838
v 2.594751 1.428751 -2.881838
v 1.023127 1.428751 -2.881836
v 1.023127 0.989426 -2.881836
v 1.571459 0.989426 -2.881837
v 1.571459 1.428751 -2.881837
v -1.474608 1.428751 -2.881834
v -1.474608 0.989426 -2.881834
v -0.962304 0.989426 -2.881835
v -0.962304 1.428751 -2.881835
v -1.474608 0.917009 -2.881834
v -1.474608 0.477685 -2.881834
v -0.962304 0.477685 -2.881835
v -0.962304 0.917009 -2.881835
v 1.023127 0.917009 -2.881836
v 1.023127 0.477685 -2.881836
v 1.571459 0.477685 -2.881837
v 1.571459 0.917009 -2.881837
v 2.094759 0.917009 -2.881837
v 2.094759 0.477685 -2.881837
v 2.594751 0.477685 -2.881838
v 2.594751 0.917009 -2.881838
v -2.520639 0.917009 -2.881833
v -2.520639 0.477685 -2.881833
v -1.987117 0.477685 -2.881834
v -1.987117 0.917009 -2.881834
v -3.000002 1.589240 -2.999998
v 2.999998 1.589240 -3.000002
v -2.999998 1.589240 3.000002
v -1.888317 1.589240 3.000001
v -1.888322 1.589240 -2.999999
v 1.999432 1.589240 2.999998
v 1.999427 1.589240 -3.000002
v -2.619434 1.589240 -2.999998
v -2.619430 1.589240 3.000002
v 2.690088 1.589240 2.999998
v 2.690083 1.589240 -3.000002
v -1.571212 1.589240 -2.999999
v -1.571207 1.589240 3.000001
v 1.671789 1.589240 2.999999
v 1.671784 1.589240 -3.000001
v 0.922802 1.589240 -3.000001
v 0.922807 1.589240 2.999999
v -0.865700 1.589240 -2.999999
v -0.865695 1.589240 3.000001
v 0.685993 1.589240 3.000000
v 0.685988 1.589240 -3.000000
v -0.619974 1.589240 -3.000000
v -0.619969 1.589240 3.000000
v 3.000002 1.589240 2.999998
v -2.619434 1.500000 -3.024497
v -1.888322 1.500000 -3.024498
v -1.888322 1.589240 -3.024498
v 1.999427 1.589240 -3.024501
v 1.999427 1.500000 -3.024501
v -2.619434 1.589240 -3.024497
v 2.690083 1.500000 -3.024501
v 2.690083 1.589240 -3.024501
v -1.571212 1.589240 -3.024498
v -1.571212 1.500000 -3.024498
v 0.922802 1.500000 -3.024500
v 1.671784 1.500000 -3.024500
v 1.671784 1.589240 -3.024500
v 0.922802 1.589240 -3.024500
v -0.865700 1.500000 -3.024498
v -0.865700 1.589240 -3.024498
v 3.000002 1.832418 2.999998
v -3.000002 1.832418 -2.999998
v 3.000493 1.832418 -3.000002
v -2.999998 1.832418 3.000002
v -1.888317 1.832418 3.000001
v -1.888322 1.832418 -2.999999
v 1.999432 1.832418 2.999998
v 1.999427 1.832418 -3.000002
v -2.619434 1.832418 -2.999998
v -2.619430 1.832418 3.000002
v 2.690088 1.832418 2.999998
v 2.690083 1.832418 -3.000002
v -1.571212 1.832418 -2.999999
v -1.571207 1.832418 3.000001
v 1.671789 1.832418 2.999999
v 1.671784 1.832418 -3.000001
v 0.922802 1.832418 -3.000001
v 0.922807 1.832418 2.999999
v -0.865700 1.832418 -2.999999
v -0.865695 1.832418 3.000001
v 0.685993 1.832418 3.000000
v 0.685988 1.832418 -3.000000
v -0.619974 1.832418 -3.000000
v -0.619969 1.832418 3.000000
v 3.000002 2.815369 2.999998
v -3.000002 2.815369 -2.999998
v 2.999998 2.815369 -3.000002
v -2.999998 2.815369 3.000002
v -1.888317 2.815369 3.000001
v -1.888322 2.815369 -2.999999
v 1.999432 2.815369 2.999998
v 1.999427 2.815369 -3.000002
v -2.619434 2.815369 -2.999998
v -2.619430 2.815369 3.000002
v 2.690088 2.815369 2.999998
v 2.690083 2.815369 -3.000002
v -1.571212 2.815369 -2.999999
v -1.571207 2.815369 3.000001
v 1.671789 2.815369 2.999999
v 1.671784 2.815369 -3.000001
v 0.922802 2.815369 -3.000001
v 0.922807 2.815369 2.999999
v -0.865700 2.815369 -2.999999
v -0.865695 2.815369 3.000001
v 0.685993 2.815369 3.000000
v 0.685988 2.815369 -3.000000
v -0.619974 2.815369 -3.000000
v -0.619969 2.815369 3.000000
v 3.000002 2.907685 2.999998
v -3.000002 2.907685 -2.999998
v 2.999998 2.907685 -3.000002
v -2.999998 2.907685 3.000002
v -1.888317 2.907685 3.000001
v -1.888322 2.907685 -2.999999
v 1.999432 2.907685 2.999998
v 1.999427 2.907685 -3.000002
v -2.619434 2.907685 -2.999998
v -2.619430 2.907685 3.000002
v 2.690088 2.907685 2.999998
v 2.690083 2.907685 -3.000002
v -1.571212 2.907685 -2.999999
v -1.571207 2.907685 3.000001
v 1.671789 2.907685 2.999999
v 1.671784 2.907685 -3.000001
v 0.922802 2.907685 -3.000001
v 0.922807 2.907685 2.999999
v -0.865700 2.907685 -2.999999
v -0.865695 2.907685 3.000001
v 0.685993 2.907685 3.000000
v 0.685988 2.907685 -3.000000
v -0.619974 2.907685 -3.000000
v -0.619969 2.907685 3.000000
v 0.096204 0.000000 3.000000
v 0.096199 6.000000 -3.000000
v 0.096199 3.215437 -3.000000
v 0.096199 4.611680 -3.000000
v 0.096199 5.762237 -3.000000
v 0.096204 6.000000 3.000000
v 0.096199 0.000000 -3.000000
v 0.096204 3.215437 3.000000
v 0.096204 4.611680 3.000000
v 0.096204 1.500000 3.000000
v 0.096204 5.762237 3.000000
v 0.096204 0.309982 3.000000
v 0.096204 0.406436 3.000000
v 0.096649 0.307725 3.013896
v 0.096649 0.404625 3.013896
v 0.096504 0.322296 3.009369
v 0.096504 0.390053 3.009369
v 0.096199 0.109522 -3.000000
v 0.096199 0.000000 -3.000000
v 0.096199 0.109522 -2.871393
v 0.096199 0.204003 -2.871393
v 0.096199 0.109522 -2.871393
v 0.096199 0.309982 -2.742702
v 0.096199 0.204003 -2.742702
v 0.096199 1.500000 -2.355820
v 0.096199 0.309982 -2.355820
v 0.096199 0.406436 -2.355820
v 0.096199 1.500000 -3.000000
v 0.111930 1.500000 -2.871393
v 0.111930 1.500000 -2.742702
v 0.111931 1.500000 -2.355820
v 0.096204 1.749750 3.000000
v 0.096199 1.749750 -3.000000
v 0.096199 0.953218 -2.355820
v 0.096204 0.953218 3.000000
v 0.096199 1.589240 -3.000000
v 0.096204 1.589240 3.000000
v 0.096204 1.832418 3.000000
v 0.096199 1.832418 -3.000000
v 0.096204 2.815369 3.000000
v 0.096199 2.815369 -3.000000
v 0.096204 2.907685 3.000000
v 0.096199 2.907685 -3.000000
v -0.106010 6.000000 3.000000
v -0.106015 0.000000 -3.000000
v -0.106010 3.215437 3.000000
v -0.106010 4.611680 3.000000
v -0.106010 1.500000 3.000000
v -0.106010 5.762237 3.000000
v -0.106010 0.309982 3.000000
v -0.106010 0.406436 3.000000
v -0.106501 0.307725 3.013896
v -0.106501 0.404625 3.013896
v -0.106341 0.322296 3.009369
v -0.106341 0.390053 3.009369
v -0.106015 0.000000 -3.000000
v -0.106010 1.749750 3.000000
v -0.106010 0.953218 3.000000
v -0.106010 1.589240 3.000000
v -0.106010 1.832418 3.000000
v -0.106010 2.815369 3.000000
v -0.106010 2.907685 3.000000
v -0.106010 0.000000 3.000000
v -0.078924 6.000000 -3.000000
v -0.078924 3.215437 -3.000000
v -0.078924 4.611680 -3.000000
v -0.078924 5.762237 -3.000000
v -0.106015 0.109522 -3.000000
v -0.106015 0.109522 -2.871393
v -0.106015 0.204003 -2.871393
v -0.106015 0.109522 -2.871393
v -0.106015 0.309982 -2.742702
v -0.106015 0.204003 -2.742702
v -0.106014 1.500000 -2.355820
v -0.106014 0.309982 -2.355820
v -0.106014 0.406436 -2.355820
v -0.106015 1.500000 -3.000000
v -0.140624 1.500000 -2.871393
v -0.140624 1.500000 -2.742702
v -0.140624 1.500000 -2.355820
v -0.077044 1.749750 -3.000000
v -0.106014 0.953218 -2.355820
v -0.077044 1.589240 -3.000000
v -0.077546 1.832418 -3.000000
v -0.077546 2.815369 -3.000000
v -0.078924 2.907685 -3.000000
v 0.148468 1.884687 -3.000000
v 0.148468 2.763101 -3.000000
v 0.633719 2.763101 -3.000000
v 0.633719 1.884687 -3.000000
v -1.518943 1.884687 -2.999999
v -1.518943 2.763101 -2.999999
v -0.917969 2.763101 -2.999999
v -0.917969 1.884687 -2.999999
v 0.975071 1.884687 -3.000001
v 0.975071 2.763101 -3.000001
v 1.619515 2.763101 -3.000001
v 1.619515 1.884687 -3.000001
v 2.051696 1.884687 -3.000002
v 2.051696 2.763101 -3.000002
v 2.637814 2.763101 -3.000002
v 2.637814 1.884687 -3.000002
v -2.567166 1.884687 -2.999998
v -2.567166 2.763101 -2.999998
v -1.940591 2.763101 -2.999998
v -1.940591 1.884687 -2.999998
v -0.567705 1.884687 -3.000000
v -0.567705 2.763101 -3.000000
v -0.129815 2.763101 -3.000000
v -0.129815 1.884687 -3.000000
v 0.148468 2.763101 -2.942434
v 0.148468 1.884687 -2.942434
v 0.633719 1.884687 -2.942434
v 0.633719 2.763101 -2.942434
v -1.518943 2.763101 -2.942432
v -1.518943 1.884687 -2.942432
v -0.917969 1.884687 -2.942433
v -0.917969 2.763101 -2.942433
v 0.975071 2.763101 -2.942434
v 0.975071 1.884687 -2.942434
v 1.619516 1.884687 -2.942435
v 1.619516 2.763101 -2.942435
v 2.051696 2.763101 -2.942435
v 2.051696 1.884687 -2.942435
v 2.637814 1.884687 -2.942436
v 2.637814 2.763101 -2.942436
v -2.567166 2.763101 -2.942431
v -2.567166 1.884687 -2.942431
v -1.940591 1.884687 -2.942432
v -1.940591 2.763101 -2.942432
v -0.567705 2.763101 -2.942433
v -0.567705 1.884687 -2.942433
v -0.129815 1.884687 -2.942434
v -0.129815 2.763101 -2.942434
v -3.000002 2.323894 -2.999998
v 2.996802 2.323894 -3.000002
v -2.999998 2.323894 3.000002
v -1.888317 2.323894 3.000001
v -1.888322 2.323894 -2.999999
v 1.999432 2.323894 2.999998
v 1.999427 2.323894 -3.000002
v -2.619434 2.323894 -2.999998
v -2.619430 2.323894 3.000002
v 2.690088 2.323894 2.999998
v 2.690083 2.323894 -3.000002
v -1.571212 2.323894 -2.999999
v -1.571207 2.323894 3.000001
v 1.671789 2.323894 2.999999
v 1.671784 2.323894 -3.000001
v 0.922802 2.323894 -3.000001
v 0.922807 2.323894 2.999999
v -0.865700 2.323894 -2.999999
v -0.865695 2.323894 3.000001
v 0.685993 2.323894 3.000000
v 0.685988 2.323894 -3.000000
v -0.619974 2.323894 -3.000000
v -0.619969 2.323894 3.000000
v 3.000002 2.323894 2.999998
v 0.096199 2.323894 -3.000000
v 0.096204 2.323894 3.000000
v -0.077546 2.323894 -3.000000
v -0.106010 2.323894 3.000000
v 0.148468 2.323894 -3.000000
v 0.633719 2.323894 -3.000000
v -1.518943 2.323894 -2.999999
v -0.917969 2.323894 -2.999999
v 0.975071 2.323894 -3.000001
v 1.619515 2.323894 -3.000001
v 2.051696 2.323894 -3.000002
v 2.637814 2.323894 -3.000002
v -2.567166 2.323894 -2.999998
v -1.940591 2.323894 -2.999998
v -0.567705 2.323894 -3.000000
v -0.129815 2.323894 -3.000000
v 0.148468 2.323894 -2.942434
v 0.633719 2.323894 -2.942434
v -1.518943 2.323894 -2.942432
v -0.917969 2.323894 -2.942433
v 0.975071 2.323894 -2.942434
v 1.619516 2.323894 -2.942435
v 2.051696 2.323894 -2.942435
v 2.637814 2.323894 -2.942436
v -2.567166 2.323894 -2.942431
v -1.940591 2.323894 -2.942432
v -0.567705 2.323894 -2.942433
v -0.129815 2.323894 -2.942434
v 0.187189 2.362615 -2.942434
v 0.187189 2.724379 -2.942434
v 0.594997 2.724379 -2.942434
v 0.594997 2.362615 -2.942434
v -1.480221 2.362615 -2.942432
v -1.480221 2.724379 -2.942432
v -0.956691 2.724379 -2.942433
v -0.956691 2.362615 -2.942433
v 1.013793 2.362615 -2.942434
v 1.013793 2.724379 -2.942434
v 1.580794 2.724379 -2.942435
v 1.580794 2.362615 -2.942435
v 2.090418 2.362615 -2.942435
v 2.090418 2.724379 -2.942435
v 2.599092 2.724379 -2.942436
v 2.599092 2.362615 -2.942436
v -2.528444 2.362615 -2.942431
v -2.528444 2.724379 -2.942431
v -1.979313 2.724379 -2.942432
v -1.979313 2.362615 -2.942432
v -0.528983 2.362615 -2.942433
v -0.528983 2.724379 -2.942433
v -0.168537 2.724379 -2.942433
v -0.168537 2.362615 -2.942433
v -0.528983 1.923409 -2.942433
v -0.528983 2.285172 -2.942433
v -0.168537 2.285172 -2.942433
v -0.168537 1.923409 -2.942433
v -2.528444 1.923409 -2.942431
v -2.528444 2.285172 -2.942431
v -1.979313 2.285172 -2.942432
v -1.979313 1.923409 -2.942432
v 2.090418 1.923409 -2.942435
v 2.090418 2.285172 -2.942435
v 2.599092 2.285172 -2.942436
v 2.599092 1.923409 -2.942436
v 1.013793 1.923409 -2.942434
v 1.013793 2.285172 -2.942434
v 1.580794 2.285172 -2.942435
v 1.580794 1.923409 -2.942435
v -1.480221 1.923409 -2.942432
v -1.480221 2.285172 -2.942432
v -0.956691 2.285172 -2.942433
v -0.956691 1.923409 -2.942433
v 0.187189 1.923409 -2.942434
v 0.187189 2.285172 -2.942434
v 0.594997 2.285172 -2.942434
v 0.594997 1.923409 -2.942434
v 0.187190 2.724379 -2.885140
v 0.187190 2.362615 -2.885140
v 0.594997 2.362615 -2.885140
v 0.594997 2.724379 -2.885140
v -1.480221 2.724379 -2.885139
v -1.480221 2.362615 -2.885139
v -0.956691 2.362615 -2.885139
v -0.956691 2.724379 -2.885139
v 1.013793 2.724379 -2.885140
v 1.013793 2.362615 -2.885140
v 1.580794 2.362615 -2.885141
v 1.580794 2.724379 -2.885141
v 2.090418 2.724379 -2.885141
v 2.090418 2.362615 -2.885141
v 2.599092 2.362615 -2.885142
v 2.599092 2.724379 -2.885142
v -2.528444 2.724379 -2.885138
v -2.528444 2.362615 -2.885138
v -1.979313 2.362615 -2.885138
v -1.979313 2.724379 -2.885138
v -0.528983 2.724379 -2.885139
v -0.528983 2.362615 -2.885139
v -0.168537 2.362615 -2.885139
v -0.168537 2.724379 -2.885139
v -0.528983 2.285172 -2.885139
v -0.528983 1.923409 -2.885139
v -0.168537 1.923409 -2.885139
v -0.168537 2.285172 -2.885139
v -2.528444 2.285172 -2.885138
v -2.528444 1.923409 -2.885138
v -1.979313 1.923409 -2.885138
v -1.979313 2.285172 -2.885138
v 2.090418 2.285172 -2.885141
v 2.090418 1.923409 -2.885141
v 2.599092 1.923409 -2.885142
v 2.599092 2.285172 -2.885142
v 1.013793 2.285172 -2.885140
v 1.013793 1.923409 -2.885140
v 1.580794 1.923409 -2.885141
v 1.580794 2.285172 -2.885141
v -1.480221 2.285172 -2.885139
v -1.480221 1.923409 -2.885139
v -0.956691 1.923409 -2.885139
v -0.956691 2.285172 -2.885139
v 0.187190 2.285172 -2.885140
v 0.187190 1.923409 -2.885140
v 0.594997 1.923409 -2.885140
v 0.594997 2.285172 -2.885140
v -1.888322 1.832418 -3.027519
v -1.888322 1.749750 -3.027519
v 1.999427 1.832418 -3.027522
v 1.999427 1.749750 -3.027522
v -2.619434 1.832418 -3.027519
v -2.619434 1.749750 -3.027519
v 2.690083 1.832418 -3.027523
v 2.690083 1.749750 -3.027523
v -1.571212 1.832418 -3.027519
v -1.571212 1.749750 -3.027519
v 1.671784 1.832418 -3.027522
v 1.671784 1.749750 -3.027522
v 0.922802 1.832418 -3.027521
v 0.922802 1.749750 -3.027521
v -0.865700 1.832418 -3.027520
v -0.865700 1.749750 -3.027520
v 0.685988 1.832418 -3.027521
v 0.685988 1.749750 -3.027521
v -0.619974 1.832418 -3.027520
v -0.619974 1.749750 -3.027520
v 0.096199 1.749750 -3.027521
v 0.096199 1.832418 -3.027521
v -0.077044 1.749750 -3.027521
v -0.077546 1.832418 -3.027521
v -1.888322 2.907685 -3.025669
v -1.888322 2.815369 -3.025669
v 1.999427 2.907685 -3.025672
v 1.999427 2.815369 -3.025672
v -2.619434 2.907685 -3.025668
v -2.619434 2.815369 -3.025668
v 2.690083 2.907685 -3.025673
v 2.690083 2.815369 -3.025673
v -1.571212 2.907685 -3.025669
v -1.571212 2.815369 -3.025669
v 1.671784 2.907685 -3.025672
v 1.671784 2.815369 -3.025672
v 0.922802 2.907685 -3.025671
v 0.922802 2.815369 -3.025671
v -0.865700 2.907685 -3.025670
v -0.865700 2.815369 -3.025670
v 0.685988 2.907685 -3.025671
v 0.685988 2.815369 -3.025671
v -0.619974 2.907685 -3.025670
v -0.619974 2.815369 -3.025670
v 0.096199 2.815369 -3.025671
v 0.096199 2.907685 -3.025671
v -0.077546 2.815369 -3.025671
v -0.078924 2.907685 -3.025671
v -3.000002 3.301901 -2.999998
v 2.999998 3.301901 -3.000002
v -2.999998 3.301901 3.000002
v 3.000002 3.301901 2.999998
v -1.888317 3.301901 3.000001
v -1.947613 3.361192 -2.999998
v 1.999432 3.301901 2.999998
v 2.058718 3.361192 -3.000002
v -2.560143 3.361192 -2.999998
v -2.619430 3.301901 3.000002
v 2.690088 3.301901 2.999998
v 2.630792 3.361192 -3.000002
v -1.511921 3.361192 -2.999999
v -1.571207 3.301901 3.000001
v 1.671789 3.301901 2.999999
v 1.612493 3.361192 -3.000001
v 0.982094 3.361192 -3.000001
v 0.922807 3.301901 2.999999
v -0.924991 3.361192 -2.999999
v -0.865695 3.301901 3.000001
v 0.685993 3.301901 3.000000
v 0.626697 3.361192 -3.000000
v -0.560683 3.361192 -3.000000
v -0.619969 3.301901 3.000000
v 0.096204 3.301901 3.000000
v 0.155490 3.361192 -3.000000
v -0.138215 3.361192 -3.000000
v -0.106010 3.301901 3.000000
v 3.000002 4.259472 2.999998
v -3.000002 4.259472 -2.999998
v 2.999998 4.259472 -3.000002
v -2.999998 4.259472 3.000002
v -1.888317 4.259472 3.000001
v -1.947613 4.200181 -2.999998
v 1.999432 4.259472 2.999998
v 2.058718 4.200181 -3.000002
v -2.560143 4.200181 -2.999998
v -2.619430 4.259472 3.000002
v 2.690088 4.259472 2.999998
v 2.630792 4.200181 -3.000002
v -1.511921 4.200181 -2.999999
v -1.571207 4.259472 3.000001
v 1.671789 4.259472 2.999999
v 1.612493 4.200181 -3.000001
v 0.982094 4.200181 -3.000001
v 0.922807 4.259472 2.999999
v -0.924991 4.200181 -2.999999
v -0.865695 4.259472 3.000001
v 0.685993 4.259472 3.000000
v 0.626697 4.200181 -3.000000
v -0.560683 4.200181 -3.000000
v -0.619969 4.259472 3.000000
v 0.096204 4.259472 3.000000
v 0.155490 4.200181 -3.000000
v -0.138215 4.200181 -3.000000
v -0.106010 4.259472 3.000000
v 3.000002 4.347116 2.999998
v -3.000002 4.347116 -2.999998
v 2.999998 4.347116 -3.000002
v -2.999998 4.347116 3.000002
v -1.888317 4.347116 3.000001
v -1.888322 4.347116 -2.999999
v 1.999432 4.347116 2.999998
v 1.999427 4.347116 -3.000002
v -2.619434 4.347116 -2.999998
v -2.619430 4.347116 3.000002
v 2.690088 4.347116 2.999998
v 2.690083 4.347116 -3.000002
v -1.571212 4.347116 -2.999999
v -1.571207 4.347116 3.000001
v 1.671789 4.347116 2.999999
v 1.671784 4.347116 -3.000001
v 0.922802 4.347116 -3.000001
v 0.922807 4.347116 2.999999
v -0.865700 4.347116 -2.999999
v -0.865695 4.347116 3.000001
v 0.685993 4.347116 3.000000
v 0.685988 4.347116 -3.000000
v -0.619974 4.347116 -3.000000
v -0.619969 4.347116 3.000000
v 0.096204 4.347116 3.000000
v 0.096199 4.347116 -3.000000
v -0.078924 4.347116 -3.000000
v -0.106010 4.347116 3.000000
v -1.888322 4.259472 -2.999999
v -1.888322 3.301901 -2.999999
v 1.999427 4.259472 -3.000002
v 1.999427 3.301901 -3.000002
v -2.619434 4.259472 -2.999998
v -2.619434 3.301901 -2.999998
v 2.690083 4.259472 -3.000002
v 2.690083 3.301901 -3.000002
v -1.571212 4.259472 -2.999999
v -1.571212 3.301901 -2.999999
v 1.671784 4.259472 -3.000001
v 1.671784 3.301901 -3.000001
v 0.922802 4.259472 -3.000001
v 0.922802 3.301901 -3.000001
v -0.865700 4.259472 -2.999999
v -0.865700 3.301901 -2.999999
v 0.685988 4.259472 -3.000000
v 0.685988 3.301901 -3.000000
v -0.619974 4.259472 -3.000000
v -0.619974 3.301901 -3.000000
v 0.096199 4.259472 -3.000000
v 0.096199 3.301901 -3.000000
v -0.078924 4.259472 -3.000000
v -0.078924 3.301901 -3.000000
v -1.947613 4.200181 -2.931041
v -1.947613 3.361192 -2.931041
v 2.058718 4.200181 -2.931045
v 2.058718 3.361192 -2.931045
v -2.560143 4.200181 -2.931041
v -2.560143 3.361192 -2.931041
v 2.630792 4.200181 -2.931045
v 2.630792 3.361192 -2.931045
v -1.511921 4.200181 -2.931042
v -1.511921 3.361192 -2.931042
v 1.612493 4.200181 -2.931044
v 1.612493 3.361192 -2.931044
v 0.982094 4.200181 -2.931044
v 0.982094 3.361192 -2.931044
v -0.924991 4.200181 -2.931042
v -0.924991 3.361192 -2.931042
v 0.626697 4.200181 -2.931043
v 0.626697 3.361192 -2.931043
v -0.560683 4.200181 -2.931042
v -0.560683 3.361192 -2.931042
v 0.155490 4.200181 -2.931043
v 0.155490 3.361192 -2.931043
v -0.138215 4.200181 -2.931043
v -0.138215 3.361192 -2.931043
v -3.000002 3.780687 -2.999998
v 2.999998 3.780687 -3.000002
v -2.999998 3.780687 3.000002
v -1.888317 3.780687 3.000001
v -1.888322 3.780687 -2.999999
v 1.999432 3.780687 2.999998
v 1.999427 3.780687 -3.000002
v -2.619434 3.780687 -2.999998
v -2.619430 3.780687 3.000002
v 2.690088 3.780687 2.999998
v 2.690083 3.780687 -3.000002
v -1.571212 3.780687 -2.999999
v -1.571207 3.780687 3.000001
v 1.671789 3.780687 2.999999
v 1.671784 3.780687 -3.000001
v 0.922802 3.780687 -3.000001
v 0.922807 3.780687 2.999999
v -0.865700 3.780687 -2.999999
v -0.865695 3.780687 3.000001
v 0.685993 3.780687 3.000000
v 0.685988 3.780687 -3.000000
v -0.619974 3.780687 -3.000000
v -0.619969 3.780687 3.000000
v 0.096204 3.780687 3.000000
v 0.096199 3.780687 -3.000000
v -0.078924 3.780687 -3.000000
v -0.106010 3.780687 3.000000
v 3.000002 3.780687 2.999998
v -1.947613 3.780686 -2.999998
v 2.058718 3.780686 -3.000002
v -2.560143 3.780686 -2.999998
v 2.630792 3.780686 -3.000002
v -1.511921 3.780686 -2.999999
v 1.612493 3.780686 -3.000001
v 0.982094 3.780686 -3.000001
v -0.924991 3.780686 -2.999999
v 0.626697 3.780686 -3.000000
v -0.560683 3.780686 -3.000000
v 0.155490 3.780686 -3.000000
v -0.138215 3.780686 -3.000000
v -1.947613 3.780686 -2.931041
v 2.058718 3.780686 -2.931045
v -2.560143 3.780686 -2.931041
v 2.630792 3.780686 -2.931045
v -1.511921 3.780686 -2.931042
v 1.612493 3.780686 -2.931044
v 0.982094 3.780686 -2.931044
v -0.924991 3.780686 -2.931042
v 0.626697 3.780686 -2.931043
v -0.560683 3.780686 -2.931042
v 0.155490 3.780686 -2.931043
v -0.138215 3.780686 -2.931043
v -0.520024 3.821345 -2.931042
v -0.520024 4.159522 -2.931042
v -0.178874 4.159522 -2.931043
v -0.178874 3.821345 -2.931043
v 0.196149 3.821345 -2.931043
v 0.196149 4.159522 -2.931043
v 0.586038 4.159522 -2.931043
v 0.586038 3.821345 -2.931043
v -1.471262 3.821345 -2.931042
v -1.471262 4.159522 -2.931042
v -0.965650 4.159522 -2.931042
v -0.965650 3.821345 -2.931042
v 1.022753 3.821345 -2.931044
v 1.022753 4.159522 -2.931044
v 1.571834 4.159522 -2.931044
v 1.571834 3.821345 -2.931044
v 2.099377 3.821345 -2.931045
v 2.099377 4.159522 -2.931045
v 2.590133 4.159522 -2.931045
v 2.590133 3.821345 -2.931045
v -2.519484 3.821345 -2.931041
v -2.519484 4.159522 -2.931041
v -1.988272 4.159522 -2.931041
v -1.988272 3.821345 -2.931041
v -2.519484 3.401851 -2.931041
v -2.519484 3.740027 -2.931041
v -1.988272 3.740027 -2.931041
v -1.988272 3.401851 -2.931041
v 2.099377 3.401851 -2.931045
v 2.099377 3.740027 -2.931045
v 2.590133 3.740027 -2.931045
v 2.590133 3.401851 -2.931045
v 1.022753 3.401851 -2.931044
v 1.022753 3.740027 -2.931044
v 1.571834 3.740027 -2.931044
v 1.571834 3.401851 -2.931044
v -1.471262 3.401851 -2.931042
v -1.471262 3.740027 -2.931042
v -0.965650 3.740027 -2.931042
v -0.965650 3.401851 -2.931042
v 0.196149 3.401851 -2.931043
v 0.196149 3.740027 -2.931043
v 0.586038 3.740027 -2.931043
v 0.586038 3.401851 -2.931043
v -0.520024 3.401851 -2.931042
v -0.520024 3.740027 -2.931042
v -0.178874 3.740027 -2.931043
v -0.178874 3.401851 -2.931043
v -0.520024 4.159522 -2.884725
v -0.520024 3.821345 -2.884725
v -0.178874 3.821345 -2.884726
v -0.178874 4.159522 -2.884726
v 0.196149 4.159522 -2.884726
v 0.196149 3.821345 -2.884726
v 0.586038 3.821345 -2.884726
v 0.586038 4.159522 -2.884726
v -1.471262 4.159522 -2.884725
v -1.471262 3.821345 -2.884725
v -0.965650 3.821345 -2.884725
v -0.965650 4.159522 -2.884725
v 1.022753 4.159522 -2.884727
v 1.022753 3.821345 -2.884727
v 1.571834 3.821345 -2.884727
v 1.571834 4.159522 -2.884727
v 2.099377 4.159522 -2.884727
v 2.099377 3.821345 -2.884727
v 2.590133 3.821345 -2.884728
v 2.590133 4.159522 -2.884728
v -2.519484 4.159522 -2.884724
v -2.519484 3.821345 -2.884724
v -1.988272 3.821345 -2.884724
v -1.988272 4.159522 -2.884724
v -2.519484 3.740027 -2.884724
v -2.519484 3.401851 -2.884724
v -1.988272 3.401851 -2.884724
v -1.988272 3.740027 -2.884724
v 2.099377 3.740027 -2.884727
v 2.099377 3.401851 -2.884727
v 2.590133 3.401851 -2.884728
v 2.590133 3.740027 -2.884728
v 1.022753 3.740027 -2.884727
v 1.022753 3.401851 -2.884727
v 1.571834 3.401851 -2.884727
v 1.571834 3.740027 -2.884727
v -1.471262 3.740027 -2.884725
v -1.471262 3.401851 -2.884725
v -0.965650 3.401851 -2.884725
v -0.965650 3.740027 -2.884725
v 0.196149 3.740027 -2.884726
v 0.196149 3.401851 -2.884726
v 0.586038 3.401851 -2.884726
v 0.586038 3.740027 -2.884726
v -0.520024 3.740027 -2.884725
v -0.520024 3.401851 -2.884725
v -0.178874 3.401851 -2.884726
v -0.178874 3.740027 -2.884726
v -2.619434 3.215437 -3.022855
v -1.888322 3.215437 -3.022856
v -1.888322 3.301901 -3.022856
v 1.999427 3.301901 -3.022859
v 1.999427 3.215437 -3.022859
v -2.619434 3.301901 -3.022855
v 2.690083 3.215437 -3.022859
v 2.690083 3.301901 -3.022859
v -1.571212 3.301901 -3.022856
v -1.571212 3.215437 -3.022856
v 0.922802 3.215437 -3.022858
v 1.671784 3.215437 -3.022858
v 1.671784 3.301901 -3.022858
v 0.922802 3.301901 -3.022858
v -0.865700 3.215437 -3.022856
v -0.865700 3.301901 -3.022856
v 0.096199 3.215437 -3.022857
v 0.685988 3.215437 -3.022857
v 0.685988 3.301901 -3.022857
v -0.619974 3.301901 -3.022856
v -0.619974 3.215437 -3.022856
v 0.096199 3.301901 -3.022857
v -0.078924 3.215437 -3.022857
v -0.078924 3.301901 -3.022857
v -1.888322 4.347116 -3.015381
v -1.888322 4.259472 -3.015381
v 1.999427 4.347116 -3.015384
v 1.999427 4.259472 -3.015384
v -2.619434 4.347116 -3.015380
v -2.619434 4.259472 -3.015380
v 2.690083 4.347116 -3.015385
v 2.690083 4.259472 -3.015385
v -1.571212 4.347116 -3.015381
v -1.571212 4.259472 -3.015381
v 1.671784 4.347116 -3.015384
v 1.671784 4.259472 -3.015384
v 0.922802 4.347116 -3.015383
v 0.922802 4.259472 -3.015383
v -0.865700 4.347116 -3.015382
v -0.865700 4.259472 -3.015382
v 0.685988 4.347116 -3.015383
v 0.685988 4.259472 -3.015383
v -0.619974 4.347116 -3.015382
v -0.619974 4.259472 -3.015382
v 0.096199 4.347116 -3.015383
v 0.096199 4.259472 -3.015383
v -0.078924 4.347116 -3.015383
v -0.078924 4.259472 -3.015383
v -3.000002 4.714435 -2.999998
v 2.999998 4.714435 -3.000002
v -2.999998 4.714435 3.000002
v 3.000002 4.714435 2.999998
v -1.888317 4.714435 3.000001
v -1.888322 4.714435 -2.999999
v 1.999432 4.714435 2.999998
v 1.999427 4.714435 -3.000002
v -2.619434 4.714435 -2.999998
v -2.619430 4.714435 3.000002
v 2.690088 4.714435 2.999998
v 2.690083 4.714435 -3.000002
v -1.571212 4.714435 -2.999999
v -1.571207 4.714435 3.000001
v 1.671789 4.714435 2.999999
v 1.671784 4.714435 -3.000001
v 0.922802 4.714435 -3.000001
v 0.922807 4.714435 2.999999
v -0.865700 4.714435 -2.999999
v -0.865695 4.714435 3.000001
v 0.685993 4.714435 3.000000
v 0.685988 4.714435 -3.000000
v -0.619974 4.714435 -3.000000
v -0.619969 4.714435 3.000000
v 0.096204 4.714435 3.000000
v 0.096199 4.714435 -3.000000
v -0.078924 4.714435 -3.000000
v -0.106010 4.714435 3.000000
v 3.000002 5.679261 2.999998
v -3.000002 5.679261 -2.999998
v 2.999998 5.679261 -3.000002
v -2.999998 5.679261 3.000002
v -1.888317 5.679261 3.000001
v -1.888322 5.679261 -2.999999
v 1.999432 5.679261 2.999998
v 1.999427 5.679261 -3.000002
v -2.619434 5.679261 -2.999998
v -2.619430 5.679261 3.000002
v 2.690088 5.679261 2.999998
v 2.690083 5.679261 -3.000002
v -1.571212 5.679261 -2.999999
v -1.571207 5.679261 3.000001
v 1.671789 5.679261 2.999999
v 1.671784 5.679261 -3.000001
v 0.922802 5.679261 -3.000001
v 0.922807 5.679261 2.999999
v -0.865700 5.679261 -2.999999
v -0.865695 5.679261 3.000001
v 0.685993 5.679261 3.000000
v 0.685988 5.679261 -3.000000
v -0.619974 5.679261 -3.000000
v -0.619969 5.679261 3.000000
v 0.096204 5.679261 3.000000
v 0.096199 5.679261 -3.000000
v -0.078924 5.679261 -3.000000
v -0.106010 5.679261 3.000000
v -0.567748 4.766661 -3.000000
v -0.567748 5.627035 -3.000000
v -0.131150 5.627035 -3.000000
v -0.131150 4.766661 -3.000000
v 0.148425 4.766661 -3.000000
v 0.148425 5.627035 -3.000000
v 0.633762 5.627035 -3.000000
v 0.633762 4.766661 -3.000000
v -1.518986 4.766661 -2.999999
v -1.518986 5.627035 -2.999999
v -0.917927 5.627035 -2.999999
v -0.917927 4.766661 -2.999999
v 0.975029 4.766661 -3.000001
v 0.975029 5.627035 -3.000001
v 1.619558 5.627035 -3.000001
v 1.619558 4.766661 -3.000001
v 2.051654 4.766661 -3.000002
v 2.051654 5.627035 -3.000002
v 2.637856 5.627035 -3.000002
v 2.637856 4.766661 -3.000002
v -2.567208 4.766661 -2.999998
v -2.567208 5.627035 -2.999998
v -1.940549 5.627035 -2.999998
v -1.940549 4.766661 -2.999998
v -0.567748 5.627035 -2.919250
v -0.567748 4.766661 -2.919250
v -0.131150 4.766661 -2.919250
v -0.131150 5.627035 -2.919250
v 0.148425 5.627035 -2.919250
v 0.148425 4.766661 -2.919250
v 0.633762 4.766661 -2.919251
v 0.633762 5.627035 -2.919251
v -1.518986 5.627035 -2.919249
v -1.518986 4.766661 -2.919249
v -0.917926 4.766661 -2.919250
v -0.917926 5.627035 -2.919250
v 0.975029 5.627035 -2.919251
v 0.975029 4.766661 -2.919251
v 1.619558 4.766661 -2.919252
v 1.619558 5.627035 -2.919252
v 2.051654 5.627035 -2.919252
v 2.051654 4.766661 -2.919252
v 2.637856 4.766661 -2.919252
v 2.637856 5.627035 -2.919252
v -2.567208 5.627035 -2.919248
v -2.567208 4.766661 -2.919248
v -1.940548 4.766661 -2.919249
v -1.940548 5.627035 -2.919249
v -3.000002 5.196848 -2.999998
v 2.999998 5.196848 -3.000002
v -2.999998 5.196848 3.000002
v -1.888317 5.196848 3.000001
v -1.888322 5.196848 -2.999999
v 1.999432 5.196848 2.999998
v 1.999427 5.196848 -3.000002
v -2.619434 5.196848 -2.999998
v -2.619430 5.196848 3.000002
v 2.690088 5.196848 2.999998
v 2.690083 5.196848 -3.000002
v -1.571212 5.196848 -2.999999
v -1.571207 5.196848 3.000001
v 1.671789 5.196848 2.999999
v 1.671784 5.196848 -3.000001
v 0.922802 5.196848 -3.000001
v 0.922807 5.196848 2.999999
v -0.865700 5.196848 -2.999999
v -0.865695 5.196848 3.000001
v 0.685993 5.196848 3.000000
v 0.685988 5.196848 -3.000000
v -0.619974 5.196848 -3.000000
v -0.619969 5.196848 3.000000
v 0.096204 5.196848 3.000000
v 0.096199 5.196848 -3.000000
v -0.078924 5.196848 -3.000000
v -0.106010 5.196848 3.000000
v 3.000002 5.196848 2.999998
v -0.567748 5.196848 -3.000000
v -0.131150 5.196848 -3.000000
v 0.148425 5.196848 -3.000000
v 0.633762 5.196848 -3.000000
v -1.518986 5.196848 -2.999999
v -0.917927 5.196848 -2.999999
v 0.975029 5.196848 -3.000001
v 1.619558 5.196848 -3.000001
v 2.051654 5.196848 -3.000002
v 2.637856 5.196848 -3.000002
v -2.567208 5.196848 -2.999998
v -1.940549 5.196848 -2.999998
v -0.567748 5.196848 -2.919250
v -0.131150 5.196848 -2.919250
v 0.148425 5.196848 -2.919250
v 0.633762 5.196848 -2.919251
v -1.518986 5.196848 -2.919249
v -0.917926 5.196848 -2.919250
v 0.975029 5.196848 -2.919251
v 1.619558 5.196848 -2.919252
v 2.051654 5.196848 -2.919252
v 2.637856 5.196848 -2.919252
v -2.567208 5.196848 -2.919248
v -1.940548 5.196848 -2.919249
v -0.525114 5.239482 -2.919250
v -0.525114 5.584401 -2.919250
v -0.173784 5.584401 -2.919250
v -0.173784 5.239482 -2.919250
v 0.191059 5.239482 -2.919250
v 0.191059 5.584401 -2.919250
v 0.591128 5.584401 -2.919251
v 0.591128 5.239482 -2.919251
v -1.476352 5.239482 -2.919249
v -1.476352 5.584401 -2.919249
v -0.960561 5.584401 -2.919250
v -0.960561 5.239482 -2.919250
v 1.017663 5.239482 -2.919251
v 1.017663 5.584401 -2.919251
v 1.576924 5.584401 -2.919251
v 1.576924 5.239482 -2.919251
v 2.094288 5.239482 -2.919252
v 2.094288 5.584401 -2.919252
v 2.595222 5.584401 -2.919252
v 2.595222 5.239482 -2.919252
v -2.524574 5.239482 -2.919248
v -2.524574 5.584401 -2.919248
v -1.983182 5.584401 -2.919249
v -1.983182 5.239482 -2.919249
v -2.524574 4.809295 -2.919248
v -2.524574 5.154214 -2.919248
v -1.983182 5.154214 -2.919249
v -1.983182 4.809295 -2.919249
v 2.094288 4.809295 -2.919252
v 2.094288 5.154214 -2.919252
v 2.595222 5.154214 -2.919252
v 2.595222 4.809295 -2.919252
v 1.017663 4.809295 -2.919251
v 1.017663 5.154214 -2.919251
v 1.576924 5.154214 -2.919251
v 1.576924 4.809295 -2.919251
v -1.476352 4.809295 -2.919249
v -1.476352 5.154214 -2.919249
v -0.960561 5.154214 -2.919250
v -0.960561 4.809295 -2.919250
v 0.191059 4.809295 -2.919250
v 0.191059 5.154214 -2.919250
v 0.591128 5.154214 -2.919251
v 0.591128 4.809295 -2.919251
v -0.525114 4.809295 -2.919250
v -0.525114 5.154214 -2.919250
v -0.173784 5.154214 -2.919250
v -0.173784 4.809295 -2.919250
v -0.525113 5.584401 -2.867617
v -0.525113 5.239482 -2.867617
v -0.173784 5.239482 -2.867618
v -0.173784 5.584401 -2.867618
v 0.191059 5.584401 -2.867618
v 0.191059 5.239482 -2.867618
v 0.591128 5.239482 -2.867618
v 0.591128 5.584401 -2.867618
v -1.476352 5.584401 -2.867617
v -1.476352 5.239482 -2.867617
v -0.960561 5.239482 -2.867617
v -0.960561 5.584401 -2.867617
v 1.017663 5.584401 -2.867619
v 1.017663 5.239482 -2.867619
v 1.576924 5.239482 -2.867619
v 1.576924 5.584401 -2.867619
v 2.094288 5.584401 -2.867620
v 2.094288 5.239482 -2.867620
v 2.595222 5.239482 -2.867620
v 2.595222 5.584401 -2.867620
v -2.524574 5.584401 -2.867616
v -2.524574 5.239482 -2.867616
v -1.983182 5.239482 -2.867616
v -1.983182 5.584401 -2.867616
v -2.524574 5.154214 -2.867616
v -2.524574 4.809295 -2.867616
v -1.983182 4.809295 -2.867616
v -1.983182 5.154214 -2.867616
v 2.094288 5.154214 -2.867620
v 2.094288 4.809295 -2.867620
v 2.595222 4.809295 -2.867620
v 2.595222 5.154214 -2.867620
v 1.017663 5.154214 -2.867619
v 1.017663 4.809295 -2.867619
v 1.576924 4.809295 -2.867619
v 1.576924 5.154214 -2.867619
v -1.476352 5.154214 -2.867617
v -1.476352 4.809295 -2.867617
v -0.960561 4.809295 -2.867617
v -0.960561 5.154214 -2.867617
v 0.191059 5.154214 -2.867618
v 0.191059 4.809295 -2.867618
v 0.591128 4.809295 -2.867618
v 0.591128 5.154214 -2.867618
v -0.525113 5.154214 -2.867617
v -0.525113 4.809295 -2.867617
v -0.173784 4.809295 -2.867618
v -0.173784 5.154214 -2.867618
v -2.619434 4.611680 -3.022351
v -1.888322 4.611680 -3.022351
v -1.888322 4.714435 -3.022351
v 1.999427 4.714435 -3.022354
v 1.999427 4.611680 -3.022354
v -2.619434 4.714435 -3.022351
v 2.690083 4.611680 -3.022355
v 2.690083 4.714435 -3.022355
v -1.571212 4.714435 -3.022352
v -1.571212 4.611680 -3.022352
v 0.922802 4.611680 -3.022353
v 1.671784 4.611680 -3.022354
v 1.671784 4.714435 -3.022354
v 0.922802 4.714435 -3.022353
v -0.865700 4.611680 -3.022352
v -0.865700 4.714435 -3.022352
v 0.096199 4.611680 -3.022353
v 0.685988 4.611680 -3.022353
v 0.685988 4.714435 -3.022353
v -0.619974 4.714435 -3.022352
v -0.619974 4.611680 -3.022352
v 0.096199 4.714435 -3.022353
v -0.078924 4.611680 -3.022353
v -0.078924 4.714435 -3.022353
v 3.022501 5.785560 3.022717
v 3.022501 5.994493 3.022717
v 3.022496 5.994493 -3.022722
v 2.710234 5.994493 -3.022722
v -2.639488 5.994493 3.022722
v -3.022938 5.994493 3.022722
v -3.022943 5.994493 -3.022717
v -3.022943 5.785560 -3.022717
v 3.022496 5.785560 -3.022722
v -3.022938 5.785560 3.022722
v 2.710234 5.785560 -3.022722
v -2.639488 5.785560 3.022722
v -2.639493 5.994493 -3.022717
v -1.902844 5.994493 -3.022718
v -1.583328 5.994493 3.022721
v -1.902839 5.994493 3.022721
v -2.639493 5.785560 -3.022717
v -1.902844 5.785560 -3.022718
v -1.583328 5.785560 3.022721
v -1.902839 5.785560 3.022721
v 1.684224 5.994493 -3.022721
v 2.014348 5.994493 -3.022721
v 1.684224 5.785560 -3.022721
v 2.014348 5.785560 -3.022721
v 2.710239 5.994493 3.022717
v 2.014352 5.994493 3.022718
v 2.710239 5.785560 3.022717
v 2.014352 5.785560 3.022718
v -0.872473 5.994493 3.022720
v -0.872473 5.785560 3.022720
v -1.583333 5.994493 -3.022718
v -1.583333 5.785560 -3.022718
v 0.929570 5.994493 -3.022720
v 0.929570 5.785560 -3.022720
v 1.684229 5.994493 3.022718
v 1.684229 5.785560 3.022718
v 0.929574 5.994493 3.022719
v 0.929574 5.785560 3.022719
v 0.690962 5.994493 -3.022720
v 0.690962 5.785560 -3.022720
v -0.624886 5.994493 3.022720
v -0.624886 5.785560 3.022720
v -0.872477 5.994493 -3.022719
v -0.872477 5.785560 -3.022719
v 0.096706 5.994493 -3.022719
v 0.096706 5.785560 -3.022719
v 0.690967 5.994493 3.022719
v 0.690967 5.785560 3.022719
v -0.107034 5.994493 3.022719
v -0.107034 5.785560 3.022719
v -0.624891 5.994493 -3.022719
v -0.624891 5.785560 -3.022719
v -0.079743 5.994493 -3.022719
v -0.079743 5.785560 -3.022719
v 0.096711 5.994493 3.022719
v 0.096711 5.785560 3.022719
v 3.043668 5.832143 3.044092
v 3.043668 5.976672 3.044092
v 3.043663 5.976672 -3.044097
v 2.729193 5.976672 -3.044097
v -2.658360 5.976672 3.044097
v -3.044522 5.976672 3.044097
v -3.044527 5.976672 -3.044092
v -3.044527 5.832143 -3.044092
v 3.043663 5.832143 -3.044097
v -3.044522 5.832143 3.044097
v 2.729193 5.832143 -3.044097
v -2.658360 5.832143 3.044097
v -2.658365 5.976672 -3.044093
v -1.916507 5.976672 -3.044093
v -1.594731 5.976672 3.044096
v -1.916502 5.976672 3.044096
v -2.658365 5.832143 -3.044093
v -1.916507 5.832143 -3.044093
v -1.594731 5.832143 3.044096
v -1.916502 5.832143 3.044096
v 1.695927 5.976672 -3.044096
v 2.028386 5.976672 -3.044096
v 1.695927 5.832143 -3.044096
v 2.028386 5.832143 -3.044096
v 2.729198 5.976672 3.044093
v 2.028390 5.976672 3.044093
v 2.729198 5.832143 3.044093
v 2.028390 5.832143 3.044093
v -0.878849 5.976672 3.044096
v -0.878849 5.832143 3.044096
v -1.594736 5.976672 -3.044094
v -1.594736 5.832143 -3.044094
v 0.935936 5.976672 -3.044096
v 0.935936 5.832143 -3.044096
v 1.695932 5.976672 3.044093
v 1.695932 5.832143 3.044093
v 0.935941 5.976672 3.044094
v 0.935941 5.832143 3.044094
v 0.695641 5.976672 -3.044095
v 0.695641 5.832143 -3.044095
v -0.629511 5.976672 3.044095
v -0.629511 5.832143 3.044095
v -0.878854 5.976672 -3.044094
v -0.878854 5.832143 -3.044094
v 0.097183 5.976672 -3.044095
v 0.097183 5.832143 -3.044095
v 0.695646 5.976672 3.044094
v 0.695646 5.832143 3.044094
v -0.107998 5.976672 3.044095
v -0.107998 5.832143 3.044095
v -0.629516 5.976672 -3.044094
v -0.629516 5.832143 -3.044094
v -0.080514 5.976672 -3.044095
v -0.080514 5.832143 -3.044095
v 0.097188 5.976672 3.044095
v 0.097188 5.832143 3.044095
vn -0.0000 1.0000 -0.0000
vn -0.0000 0.9718 0.2356
vn -0.0000 -0.6978 -0.7163
vn -0.0000 -1.0000 -0.0000
vn -0.0000 0.9719 0.2356
vn -0.0000 0.9719 -0.2356
vn -1.0000 -0.0000 -0.0000
vn -0.0000 -0.0000 -1.0000
vn -0.0000 -0.0000 1.0000
vn 1.0000 -0.0000 -0.0000
vn 0.1292 0.9916 -0.0000
vn -0.0000 -0.9871 -0.1604
vn -0.1292 0.9916 -0.0000
vn -0.0000 0.9916 0.1292
vn 0.9550 0.2966 -0.0000
vn -0.9550 -0.2966 -0.0000
vn -0.0000 -0.2967 0.9550
vn -0.9550 0.2966 -0.0000
vn 0.1604 -0.9871 -0.0000
vn -0.0000 0.9916 -0.1292
vn -0.1604 -0.9871 -0.0000
vn -0.0000 -0.9871 0.1604
vn -0.0000 0.2967 -0.9550
vn 0.9550 -0.2966 -0.0000
vn -0.0000 -0.2967 -0.9550
vn -0.0000 0.2967 0.9550
vn -0.2334 0.9724 -0.0000
vn -0.0000 -0.6978 0.7163
vn 0.2378 0.9713 -0.0000
vn -0.9558 -0.0000 -0.2940
vn -0.0000 0.4904 -0.8715
vn 0.9608 -0.0000 -0.2772
vn 0.9608 -0.0000 -0.2773
vn -0.4036 -0.9149 -0.0000
vn -0.0000 0.9718 -0.2356
vn -0.0000 -0.7842 -0.6205
vn 0.4053 -0.9142 -0.0000
vn -0.0000 -0.7842 0.6205
vn -0.0000 0.7842 -0.6205
vn -0.6204 -0.0000 0.7842
vn 0.6204 -0.0000 0.7842
vn 1.0000 0.0061 -0.0000
vn 1.0000 -0.0030 -0.0000
vn 1.0000 -0.0033 -0.0003
vn 0.9999 0.0149 -0.0000
vn 1.0000 0.0038 -0.0002
vn -0.0000 -0.4170 0.9089
vn -0.0000 0.7681 0.6403
vn -0.0000 -0.4170 -0.9089
vn -0.0000 -0.4171 -0.9089
vn -0.6367 0.7711 -0.0000
vn -0.0000 0.7681 -0.6403
vn 0.6440 0.7650 -0.0000
vn -0.0000 -0.4171 0.9089
vn -0.7129 -0.7012 -0.0000
vn 0.7197 -0.6943 -0.0000
vn -0.0000 0.7681 -0.6404
vn -0.9073 -0.4204 -0.0000
vn 0.9104 -0.4137 -0.0000
vn -0.0000 0.7681 0.6404
vt 0.625000 0.737087
vt 0.875000 0.737087
vt 0.875000 0.750000
vt 0.625000 0.750000
vt 0.875000 0.694658
vt 0.875000 0.663450
vt 0.615093 0.559533
vt 0.615093 0.546320
vt 0.125000 0.737087
vt 0.375000 0.737087
vt 0.375000 0.750000
vt 0.125000 0.750000
vt 0.625000 0.588929
vt 0.625000 0.599168
vt 0.496154 0.250000
vt 0.508977 0.250000
vt 0.508977 0.500000
vt 0.496154 0.500000
vt 0.496154 0.737087
vt 0.508977 0.737087
vt 0.508977 0.750000
vt 0.496154 0.750000
vt 0.496154 0.234143
vt 0.508977 0.234143
vt 0.508977 1.000000
vt 0.496154 1.000000
vt 0.556130 0.250000
vt 0.567153 0.250000
vt 0.567153 0.500000
vt 0.556130 0.500000
vt 0.556130 0.737087
vt 0.567153 0.737087
vt 0.567153 0.750000
vt 0.556130 0.750000
vt 0.556130 0.234143
vt 0.567153 0.234143
vt 0.567153 1.000000
vt 0.556130 1.000000
vt 0.414717 0.750000
vt 0.437500 0.750000
vt 0.437500 1.000000
vt 0.414717 1.000000
vt 0.414717 0.234143
vt 0.437500 0.234143
vt 0.437500 0.250000
vt 0.414717 0.250000
vt 0.414717 0.737087
vt 0.437500 0.737087
vt 0.437500 0.500000
vt 0.414717 0.500000
vt 0.611636 0.250000
vt 0.615093 0.250000
vt 0.615093 0.500000
vt 0.611636 0.500000
vt 0.611636 0.737087
vt 0.615093 0.737087
vt 0.615093 0.750000
vt 0.611636 0.750000
vt 0.611636 0.234143
vt 0.615093 0.234143
vt 0.615093 1.000000
vt 0.611636 1.000000
vt 0.375000 0.250000
vt 0.387916 0.250000
vt 0.387916 0.500000
vt 0.375000 0.500000
vt 0.387916 0.737087
vt 0.387916 0.750000
vt 0.375000 0.234143
vt 0.387916 0.234143
vt 0.387916 1.000000
vt 0.375000 1.000000
vt 0.391935 0.750000
vt 0.391935 1.000000
vt 0.387916 0.012913
vt 0.387916 0.000000
vt 0.387916 0.012913
vt 0.391935 0.250000
vt 0.391935 0.500000
vt 0.391935 0.234143
vt 0.391935 0.234143
vt 0.391935 0.234143
vt 0.391935 0.737087
vt 0.387916 0.515857
vt 0.387916 0.737087
vt 0.387916 0.234143
vt 0.387916 0.012913
vt 0.387916 0.203680
vt 0.391935 0.515857
vt 0.391935 0.546320
vt 0.391935 0.515857
vt 0.387916 0.559533
vt 0.387916 0.546320
vt 0.387916 0.546320
vt 0.387916 0.559533
vt 0.387916 0.190467
vt 0.391935 0.190467
vt 0.391935 0.203680
vt 0.387916 0.559533
vt 0.391935 0.515857
vt 0.391935 0.190467
vt 0.375000 0.190467
vt 0.387916 0.190467
vt 0.375000 0.203680
vt 0.375000 0.515857
vt 0.375000 0.546320
vt 0.611636 0.190467
vt 0.615093 0.190467
vt 0.615093 0.203680
vt 0.611636 0.203680
vt 0.611636 0.515857
vt 0.615093 0.515857
vt 0.611636 0.546320
vt 0.414717 0.190467
vt 0.437500 0.190467
vt 0.437500 0.203680
vt 0.414717 0.203680
vt 0.556130 0.190467
vt 0.567153 0.190467
vt 0.567153 0.203680
vt 0.556130 0.203680
vt 0.556130 0.515857
vt 0.567153 0.515857
vt 0.567153 0.546320
vt 0.556130 0.546320
vt 0.496154 0.190467
vt 0.508977 0.190467
vt 0.508977 0.203680
vt 0.496154 0.203680
vt 0.496154 0.515857
vt 0.508977 0.515857
vt 0.508977 0.546320
vt 0.496154 0.546320
vt 0.625000 0.694658
vt 0.625000 0.708310
vt 0.125000 0.515857
vt 0.125000 0.546320
vt 0.875000 0.500000
vt 0.625000 0.500000
vt 0.625000 0.515857
vt 0.875000 0.515857
vt 0.875000 0.546320
vt 0.625000 0.546320
vt 0.496154 0.012913
vt 0.508977 0.012913
vt 0.508977 0.041690
vt 0.496154 0.041690
vt 0.556130 0.012913
vt 0.567153 0.012913
vt 0.567153 0.041690
vt 0.556130 0.041690
vt 0.414717 0.012913
vt 0.437500 0.012913
vt 0.437500 0.041690
vt 0.414717 0.041690
vt 0.611636 0.012913
vt 0.615093 0.012913
vt 0.615093 0.041690
vt 0.611636 0.041690
vt 0.375000 0.012913
vt 0.387916 0.041690
vt 0.375000 0.041690
vt 0.391935 0.012913
vt 0.391935 0.041690
vt 0.391935 0.041690
vt 0.391935 0.012913
vt 0.391935 0.041690
vt 0.391935 0.012913
vt 0.387916 0.708310
vt 0.387916 0.708310
vt 0.387916 0.737087
vt 0.387916 0.041690
vt 0.387916 0.708310
vt 0.387916 0.055342
vt 0.387916 0.055342
vt 0.391935 0.694658
vt 0.391935 0.708310
vt 0.391935 0.708310
vt 0.391935 0.694658
vt 0.387916 0.694658
vt 0.391935 0.708310
vt 0.387916 0.055342
vt 0.375000 0.694658
vt 0.387916 0.694658
vt 0.375000 0.708310
vt 0.611636 0.694658
vt 0.615093 0.694658
vt 0.615093 0.708310
vt 0.611636 0.708310
vt 0.414717 0.694658
vt 0.437500 0.694658
vt 0.437500 0.708310
vt 0.414717 0.708310
vt 0.556130 0.694658
vt 0.567153 0.694658
vt 0.567153 0.708310
vt 0.556130 0.708310
vt 0.496154 0.694658
vt 0.508977 0.694658
vt 0.508977 0.708310
vt 0.496154 0.708310
vt 0.615093 0.653583
vt 0.615093 0.629008
vt 0.125000 0.694658
vt 0.125000 0.708310
vt 0.875000 0.708310
vt 0.125000 0.500000
vt 0.437500 0.515857
vt 0.414717 0.515857
vt 0.875000 0.599168
vt 0.875000 0.588929
vt 0.391935 0.000000
vt 0.375000 0.000000
vt 0.611636 0.000000
vt 0.615093 0.000000
vt 0.414717 0.000000
vt 0.437500 0.000000
vt 0.556130 0.000000
vt 0.567153 0.000000
vt 0.496154 0.000000
vt 0.508977 0.000000
vt 0.625000 0.559533
vt 0.414717 0.559533
vt 0.437500 0.559533
vt 0.414717 0.559533
vt 0.615093 0.055342
vt 0.875000 0.559533
vt 0.375000 0.559533
vt 0.125000 0.559533
vt 0.508977 0.559533
vt 0.496154 0.559533
vt 0.567153 0.559533
vt 0.556130 0.559533
vt 0.414717 0.546320
vt 0.437500 0.546320
vt 0.611636 0.559533
vt 0.387916 0.190467
vt 0.391935 0.559533
vt 0.391935 0.559533
vt 0.615093 0.129417
vt 0.615093 0.120992
vt 0.496154 0.161071
vt 0.508977 0.161071
vt 0.556130 0.161071
vt 0.567153 0.161071
vt 0.414717 0.161071
vt 0.437500 0.161071
vt 0.611636 0.161071
vt 0.615093 0.161071
vt 0.375000 0.161071
vt 0.387916 0.161071
vt 0.391935 0.161071
vt 0.391935 0.161071
vt 0.387916 0.588929
vt 0.387916 0.588929
vt 0.387916 0.161071
vt 0.387916 0.588929
vt 0.387916 0.694658
vt 0.391935 0.055342
vt 0.391935 0.055342
vt 0.391935 0.055342
vt 0.375000 0.055342
vt 0.611636 0.055342
vt 0.437500 0.055342
vt 0.414717 0.055342
vt 0.567153 0.055342
vt 0.556130 0.055342
vt 0.508977 0.055342
vt 0.496154 0.055342
vt 0.625000 0.663450
vt 0.125000 0.663450
vt 0.375000 0.663450
vt 0.625000 0.629008
vt 0.625000 0.653583
vt 0.496154 0.663450
vt 0.508977 0.663450
vt 0.556130 0.663450
vt 0.567153 0.663450
vt 0.414717 0.694658
vt 0.611636 0.663450
vt 0.615093 0.663450
vt 0.387916 0.663450
vt 0.387916 0.086550
vt 0.387916 0.086550
vt 0.391935 0.663450
vt 0.391935 0.663450
vt 0.387916 0.663450
vt 0.391935 0.663450
vt 0.387916 0.096417
vt 0.387916 0.653583
vt 0.391935 0.653583
vt 0.414717 0.588929
vt 0.437500 0.588929
vt 0.437500 0.599168
vt 0.414717 0.599168
vt 0.387916 0.096417
vt 0.375000 0.653583
vt 0.611636 0.653583
vt 0.375000 0.588929
vt 0.556130 0.653583
vt 0.567153 0.653583
vt 0.496154 0.653583
vt 0.508977 0.653583
vt 0.125000 0.653583
vt 0.875000 0.653583
vt 0.387916 0.663450
vt 0.391935 0.086550
vt 0.391935 0.086550
vt 0.391935 0.086550
vt 0.375000 0.086550
vt 0.615093 0.086550
vt 0.611636 0.086550
vt 0.437500 0.086550
vt 0.414717 0.086550
vt 0.567153 0.086550
vt 0.556130 0.086550
vt 0.508977 0.086550
vt 0.496154 0.086550
vt 0.615093 0.096417
vt 0.125000 0.588929
vt 0.508977 0.588929
vt 0.496154 0.588929
vt 0.567153 0.588929
vt 0.556130 0.588929
vt 0.615093 0.588929
vt 0.611636 0.588929
vt 0.387916 0.161071
vt 0.391935 0.588929
vt 0.391935 0.588929
vt 0.391935 0.588929
vt 0.387916 0.150832
vt 0.391935 0.150832
vt 0.391935 0.150832
vt 0.391935 0.150832
vt 0.375000 0.150832
vt 0.387916 0.150832
vt 0.611636 0.150832
vt 0.615093 0.150832
vt 0.414717 0.150832
vt 0.437500 0.150832
vt 0.556130 0.150832
vt 0.567153 0.150832
vt 0.496154 0.150832
vt 0.508977 0.150832
vt 0.508977 0.096417
vt 0.496154 0.096417
vt 0.567153 0.096417
vt 0.556130 0.096417
vt 0.437500 0.096417
vt 0.414717 0.096417
vt 0.611636 0.096417
vt 0.375000 0.096417
vt 0.391935 0.096417
vt 0.391935 0.096417
vt 0.391935 0.096417
vt 0.387916 0.599168
vt 0.391935 0.599168
vt 0.875000 0.629008
vt 0.125000 0.629008
vt 0.375000 0.629008
vt 0.496154 0.629008
vt 0.508977 0.629008
vt 0.556130 0.629008
vt 0.567153 0.629008
vt 0.611636 0.629008
vt -0.004344 0.000000
vt 0.375000 0.599168
vt 0.387916 0.120992
vt 0.387916 0.120992
vt 0.414717 0.653583
vt 0.437500 0.653583
vt 0.437500 0.663450
vt 0.414717 0.663450
vt 0.387916 0.120992
vt 0.387916 0.150832
vt 0.615093 0.599168
vt 0.611636 0.599168
vt 0.567153 0.599168
vt 0.556130 0.599168
vt 0.508977 0.599168
vt 0.496154 0.599168
vt 0.875000 0.620583
vt 0.125000 0.599168
vt 0.496154 0.129417
vt 0.508977 0.129417
vt 0.556130 0.129417
vt 0.567153 0.129417
vt 0.414717 0.129417
vt 0.437500 0.129417
vt 0.611636 0.129417
vt 0.375000 0.129417
vt 0.387916 0.129417
vt 0.391935 0.129417
vt 0.391935 0.129417
vt 0.387916 0.129417
vt 0.414717 0.663450
vt 0.414717 0.588929
vt 0.375000 0.629008
vt 0.387916 0.629008
vt 0.437500 0.629008
vt 0.437500 0.620583
vt 0.387916 0.620583
vt 0.000000 0.000000
vt 0.414717 0.629008
vt 0.437500 0.629008
vt 0.391935 0.620583
vt 0.437500 0.599168
vt 0.437500 0.599168
vt 0.437500 0.629008
vt 0.441218 0.129417
vt 0.447906 0.129417
vt 0.447906 0.150832
vt 0.441218 0.150832
vt 0.441218 0.588929
vt 0.447906 0.588929
vt 0.447906 0.599168
vt 0.441218 0.599168
vt 0.441218 0.629008
vt 0.447906 0.629008
vt 0.447906 0.653583
vt 0.441218 0.653583
vt 0.441218 0.086550
vt 0.447906 0.086550
vt 0.447906 0.096417
vt 0.441218 0.096417
vt 0.447906 0.161071
vt 0.441218 0.161071
vt 0.441218 0.559533
vt 0.447906 0.559533
vt 0.441218 0.055342
vt 0.447906 0.055342
vt 0.447906 0.663450
vt 0.441218 0.663450
vt 0.447906 0.694658
vt 0.441218 0.694658
vt 0.441218 0.041690
vt 0.447906 0.041690
vt 0.447906 0.190467
vt 0.441218 0.190467
vt 0.441218 0.546320
vt 0.447906 0.546320
vt 0.441218 0.708310
vt 0.447906 0.708310
vt 0.447906 0.737087
vt 0.441218 0.737087
vt 0.441218 0.000000
vt 0.447906 0.000000
vt 0.447906 0.012913
vt 0.441218 0.012913
vt 0.441218 0.203680
vt 0.447906 0.203680
vt 0.447906 0.234143
vt 0.441218 0.234143
vt 0.441218 0.500000
vt 0.447906 0.500000
vt 0.447906 0.515857
vt 0.441218 0.515857
vt 0.441218 0.750000
vt 0.447906 0.750000
vt 0.447906 1.000000
vt 0.441218 1.000000
vt 0.447906 0.250000
vt 0.441218 0.250000
vt 0.414717 0.663450
vt 0.414717 0.515857
vt 0.414717 0.708310
vt 0.414717 0.708310
vt 0.414717 0.737087
vt 0.414717 0.546320
vt 0.414717 0.588929
vt 0.435888 0.587109
vt 0.416329 0.587109
vt 0.416329 0.517677
vt 0.435888 0.517677
vt 0.393547 0.665271
vt 0.413105 0.665271
vt 0.435888 0.561353
vt 0.414717 0.737087
vt 0.414717 0.559533
vt 0.416329 0.561353
vt 0.435888 0.735267
vt 0.416329 0.735267
vt 0.413105 0.735267
vt 0.393547 0.735267
vt 0.391935 0.629008
vt 0.435888 0.544500
vt 0.416329 0.544500
vt 0.435888 0.710130
vt 0.416329 0.710130
vt 0.435888 0.665271
vt 0.416329 0.665271
vt 0.435888 0.692837
vt 0.416329 0.692837
vt 0.413105 0.561353
vt 0.393547 0.561353
vt 0.413105 0.587109
vt 0.393547 0.587109
vt 0.413105 0.692837
vt 0.393547 0.692837
vt 0.413105 0.710130
vt 0.393547 0.710130
vt 0.413105 0.517677
vt 0.393547 0.517677
vt 0.413105 0.544500
vt 0.393547 0.544500
vt 0.441218 0.620583
vt 0.451351 0.129417
vt 0.451351 0.150832
vt 0.451351 0.588929
vt 0.451351 0.599168
vt 0.451351 0.708310
vt 0.451351 0.086550
vt 0.451351 0.096417
vt 0.451351 0.161071
vt 0.451351 0.055342
vt 0.451351 0.653583
vt 0.451351 0.663450
vt 0.451351 0.620583
vt 0.447906 0.620583
vt 0.451351 0.041690
vt 0.451351 0.190467
vt 0.451351 0.546320
vt 0.451351 0.559533
vt 0.451351 0.000000
vt 0.451351 0.012913
vt 0.451351 0.203680
vt 0.451351 0.234143
vt 0.451351 0.500000
vt 0.451351 0.515857
vt 0.451351 0.694658
vt 0.451351 0.750000
vt 0.451351 1.000000
vt 0.451351 0.250000
vt 0.451351 0.737087
vt 0.471829 0.129417
vt 0.492307 0.129417
vt 0.492307 0.150832
vt 0.471829 0.150832
vt 0.471829 0.588929
vt 0.492307 0.588929
vt 0.492307 0.599168
vt 0.471829 0.599168
vt 0.471829 0.518035
vt 0.490129 0.518035
vt 0.471829 0.086550
vt 0.492307 0.086550
vt 0.492307 0.096417
vt 0.471829 0.096417
vt 0.492307 0.161071
vt 0.471829 0.161071
vt 0.453529 0.692480
vt 0.453529 0.665628
vt 0.471829 0.055342
vt 0.492307 0.055342
vt 0.471829 0.653583
vt 0.492307 0.653583
vt 0.492307 0.663450
vt 0.471829 0.663450
vt 0.490129 0.631186
vt 0.490129 0.651405
vt 0.471829 0.041690
vt 0.492307 0.041690
vt 0.492307 0.190467
vt 0.471829 0.190467
vt 0.471829 0.546320
vt 0.492307 0.546320
vt 0.492307 0.559533
vt 0.471829 0.559533
vt 0.471829 0.710487
vt 0.490129 0.710487
vt 0.471829 0.000000
vt 0.492307 0.000000
vt 0.492307 0.012913
vt 0.471829 0.012913
vt 0.471829 0.203680
vt 0.492307 0.203680
vt 0.492307 0.234143
vt 0.471829 0.234143
vt 0.471829 0.500000
vt 0.492307 0.500000
vt 0.492307 0.515857
vt 0.471829 0.515857
vt 0.471829 0.694658
vt 0.492307 0.694658
vt 0.492307 0.708310
vt 0.471829 0.708310
vt 0.453529 0.586751
vt 0.453529 0.561711
vt 0.471829 0.750000
vt 0.492307 0.750000
vt 0.492307 1.000000
vt 0.471829 1.000000
vt 0.492307 0.250000
vt 0.471829 0.250000
vt 0.471829 0.737087
vt 0.492307 0.737087
vt 0.496154 0.620583
vt 0.492307 0.620583
vt 0.492307 0.629008
vt 0.496154 0.120992
vt 0.492307 0.120992
vt 0.471829 0.620583
vt 0.471829 0.629008
vt 0.471829 0.120992
vt 0.451351 0.629008
vt 0.451351 0.120992
vt 0.447906 0.120992
vt 0.441218 0.120992
vt 0.437500 0.120992
vt 0.414717 0.120992
vt 0.391935 0.120992
vt 0.414717 0.620583
vt 0.437500 0.620583
vt 0.437500 0.620583
vt 0.437500 0.653583
vt 0.437500 0.653583
vt 0.437500 0.620583
vt 0.375000 0.620583
vt 0.391935 0.120992
vt 0.391935 0.120992
vt 0.375000 0.120992
vt 0.611636 0.120992
vt 0.567153 0.120992
vt 0.556130 0.120992
vt 0.508977 0.120992
vt 0.387916 0.129417
vt 0.611636 0.620583
vt 0.615093 0.620583
vt 0.556130 0.620583
vt 0.567153 0.620583
vt 0.508977 0.620583
vt 0.125000 0.620583
vt 0.375000 0.620583
vt 0.625000 0.620583
vt 0.471829 0.665628
vt 0.490129 0.665628
vt 0.437500 0.629664
vt 0.471829 0.631186
vt 0.453529 0.651405
vt 0.471829 0.651405
vt 0.453529 0.631186
vt 0.490129 0.561711
vt 0.471829 0.561711
vt 0.490129 0.586751
vt 0.471829 0.586751
vt 0.490129 0.692480
vt 0.471829 0.692480
vt 0.490129 0.734909
vt 0.453529 0.734909
vt 0.471829 0.734909
vt 0.453529 0.710487
vt 0.490129 0.544142
vt 0.453529 0.544142
vt 0.471829 0.544142
vt 0.453529 0.518035
vt 0.490129 0.601346
vt 0.471829 0.601346
vt 0.490129 0.618405
vt 0.453529 0.618405
vt 0.471829 0.618405
vt 0.453529 0.601346
vt 0.455142 0.667242
vt 0.470215 0.667242
vt 0.488516 0.667242
vt 0.488516 0.690867
vt 0.470215 0.519648
vt 0.470216 0.542529
vt 0.473442 0.690867
vt 0.473442 0.667242
vt 0.455142 0.542529
vt 0.455142 0.519648
vt 0.488516 0.649792
vt 0.473442 0.649792
vt 0.488516 0.616791
vt 0.473442 0.616792
vt 0.470216 0.585138
vt 0.455142 0.585138
vt 0.488516 0.632800
vt 0.488516 0.602959
vt 0.473442 0.632800
vt 0.488516 0.563324
vt 0.473442 0.563324
vt 0.488516 0.585138
vt 0.473442 0.585138
vt 0.488516 0.712101
vt 0.473442 0.712101
vt 0.488516 0.733296
vt 0.473442 0.733296
vt 0.488516 0.519648
vt 0.473442 0.519648
vt 0.488516 0.542529
vt 0.473442 0.542529
vt 0.473442 0.602959
vt 0.470216 0.602959
vt 0.455142 0.602959
vt 0.470216 0.616792
vt 0.455142 0.616792
vt 0.470216 0.712101
vt 0.455142 0.712101
vt 0.470216 0.733296
vt 0.455142 0.733296
vt 0.470216 0.690867
vt 0.455142 0.690867
vt 0.470216 0.563324
vt 0.455142 0.563324
vt 0.470215 0.632800
vt 0.455142 0.632800
vt 0.470215 0.649792
vt 0.455142 0.649792
vt 0.512579 0.120992
vt 0.512579 0.129417
vt 0.512579 0.663450
vt 0.512579 0.694658
vt 0.512579 0.620583
vt 0.512579 0.629008
vt 0.512579 0.096417
vt 0.512579 0.150832
vt 0.512579 0.588929
vt 0.512579 0.599168
vt 0.512579 0.737087
vt 0.512579 0.086550
vt 0.512579 0.161071
vt 0.512579 0.055342
vt 0.512579 0.653583
vt 0.512579 0.041690
vt 0.512579 0.190467
vt 0.512579 0.546320
vt 0.512579 0.559533
vt 0.512579 0.000000
vt 0.512579 0.012913
vt 0.512579 0.203680
vt 0.512579 0.234143
vt 0.512579 0.500000
vt 0.512579 0.515857
vt 0.512579 0.708310
vt 0.512579 0.750000
vt 0.512579 1.000000
vt 0.512579 0.250000
vt 0.532529 0.120992
vt 0.552478 0.120992
vt 0.552478 0.129417
vt 0.532529 0.129417
vt 0.550008 0.562003
vt 0.550008 0.586459
vt 0.532529 0.620583
vt 0.552478 0.620583
vt 0.552478 0.629008
vt 0.532529 0.629008
vt 0.532529 0.096417
vt 0.552478 0.096417
vt 0.552478 0.150832
vt 0.532529 0.150832
vt 0.532529 0.588929
vt 0.552478 0.588929
vt 0.552478 0.599168
vt 0.532529 0.599168
vt 0.532529 0.692187
vt 0.515050 0.692187
vt 0.532529 0.692187
vt 0.532529 0.086550
vt 0.552478 0.086550
vt 0.552478 0.161071
vt 0.532529 0.161071
vt 0.515050 0.618236
vt 0.515050 0.601515
vt 0.532529 0.055342
vt 0.552478 0.055342
vt 0.532529 0.653583
vt 0.552478 0.653583
vt 0.552478 0.663450
vt 0.532529 0.663450
vt 0.550008 0.631479
vt 0.550008 0.651112
vt 0.532529 0.041690
vt 0.552478 0.041690
vt 0.552478 0.190467
vt 0.532529 0.190467
vt 0.532529 0.546320
vt 0.552478 0.546320
vt 0.552478 0.559533
vt 0.532529 0.559533
vt 0.532529 0.562003
vt 0.532529 0.000000
vt 0.552478 0.000000
vt 0.552478 0.012913
vt 0.532529 0.012913
vt 0.532529 0.203680
vt 0.552478 0.203680
vt 0.552478 0.234143
vt 0.532529 0.234143
vt 0.532529 0.500000
vt 0.552478 0.500000
vt 0.552478 0.515857
vt 0.532529 0.515857
vt 0.532529 0.694658
vt 0.552478 0.694658
vt 0.552478 0.708310
vt 0.532529 0.708310
vt 0.532529 0.618236
vt 0.532529 0.618236
vt 0.532529 0.750000
vt 0.552478 0.750000
vt 0.552478 1.000000
vt 0.532529 1.000000
vt 0.552478 0.250000
vt 0.532529 0.250000
vt 0.532529 0.737087
vt 0.552478 0.737087
vt 0.532529 0.543850
vt 0.550008 0.543850
vt 0.532529 0.710780
vt 0.515050 0.710780
vt 0.532529 0.518328
vt 0.515050 0.518327
vt 0.532529 0.734616
vt 0.550008 0.734616
vt 0.515050 0.562003
vt 0.550008 0.692187
vt 0.532529 0.665921
vt 0.515050 0.665921
vt 0.532529 0.586459
vt 0.532529 0.651113
vt 0.532529 0.601515
vt 0.532529 0.631479
vt 0.515050 0.631479
vt 0.550008 0.618236
vt 0.515050 0.651113
vt 0.515050 0.586459
vt 0.515050 0.734616
vt 0.515050 0.543850
vt 0.550008 0.601515
vt 0.550008 0.665921
vt 0.550008 0.710780
vt 0.550008 0.518327
vt 0.534223 0.616627
vt 0.534223 0.603124
vt 0.534223 0.542156
vt 0.534223 0.520022
vt 0.516744 0.649418
vt 0.516744 0.633173
vt 0.548313 0.690493
vt 0.534223 0.690493
vt 0.548313 0.603124
vt 0.530834 0.690493
vt 0.516744 0.690493
vt 0.532529 0.710780
vt 0.532529 0.518327
vt 0.532529 0.631479
vt 0.548313 0.520022
vt 0.530835 0.633173
vt 0.548313 0.667615
vt 0.530834 0.667615
vt 0.534223 0.667615
vt 0.516744 0.667615
vt 0.548313 0.616627
vt 0.548313 0.633173
vt 0.534223 0.633173
vt 0.548313 0.649418
vt 0.534223 0.649418
vt 0.548313 0.563698
vt 0.534223 0.563698
vt 0.548313 0.584765
vt 0.534223 0.584765
vt 0.548313 0.712474
vt 0.534223 0.712474
vt 0.548313 0.732922
vt 0.534223 0.732922
vt 0.548313 0.542156
vt 0.530835 0.520022
vt 0.516744 0.520022
vt 0.530834 0.542155
vt 0.516744 0.542156
vt 0.530834 0.712474
vt 0.516744 0.712474
vt 0.530834 0.732922
vt 0.516744 0.732922
vt 0.530834 0.563698
vt 0.516744 0.563698
vt 0.530835 0.584765
vt 0.516744 0.584765
vt 0.530835 0.649418
vt 0.530835 0.603124
vt 0.516744 0.603124
vt 0.530834 0.616627
vt 0.516744 0.616627
vt 0.571435 0.120992
vt 0.571435 0.129417
vt 0.571435 0.620583
vt 0.571435 0.629008
vt 0.571435 0.096417
vt 0.571435 0.150832
vt 0.571435 0.588929
vt 0.571435 0.599168
vt 0.571435 0.086550
vt 0.571435 0.161071
vt 0.571435 0.515857
vt 0.571435 0.546320
vt 0.571435 0.055342
vt 0.571435 0.653583
vt 0.571435 0.663450
vt 0.571435 0.041690
vt 0.571435 0.190467
vt 0.571435 0.559533
vt 0.571435 0.000000
vt 0.571435 0.012913
vt 0.571435 0.203680
vt 0.571435 0.234143
vt 0.571435 0.500000
vt 0.571435 0.694658
vt 0.571435 0.708310
vt 0.571435 0.750000
vt 0.571435 1.000000
vt 0.571435 0.250000
vt 0.571435 0.737087
vt 0.591535 0.120992
vt 0.591535 0.129417
vt 0.591535 0.651407
vt 0.573611 0.651407
vt 0.591535 0.620583
vt 0.591535 0.629008
vt 0.591535 0.096417
vt 0.591535 0.150832
vt 0.591535 0.588929
vt 0.591535 0.599168
vt 0.573611 0.734911
vt 0.573611 0.710486
vt 0.591535 0.086550
vt 0.591535 0.161071
vt 0.609460 0.561709
vt 0.609460 0.586753
vt 0.591535 0.055342
vt 0.591535 0.653583
vt 0.591535 0.663450
vt 0.591535 0.618516
vt 0.573611 0.618516
vt 0.591535 0.041690
vt 0.591535 0.190467
vt 0.591535 0.546320
vt 0.591535 0.559533
vt 0.591535 0.518033
vt 0.609460 0.518033
vt 0.591535 0.000000
vt 0.591535 0.012913
vt 0.591535 0.203680
vt 0.591535 0.234143
vt 0.591535 0.500000
vt 0.591535 0.515857
vt 0.591535 0.694658
vt 0.591535 0.708310
vt 0.573611 0.692482
vt 0.573611 0.665626
vt 0.591535 0.750000
vt 0.591535 1.000000
vt 0.591535 0.250000
vt 0.591535 0.737087
vt 0.609460 0.601235
vt 0.591535 0.601235
vt 0.609460 0.618516
vt 0.573611 0.601235
vt 0.609460 0.631185
vt 0.591535 0.631185
vt 0.609460 0.651407
vt 0.573611 0.631185
vt 0.591535 0.561709
vt 0.573611 0.586753
vt 0.591535 0.586753
vt 0.573611 0.561709
vt 0.609460 0.665626
vt 0.591535 0.665626
vt 0.609460 0.692482
vt 0.591535 0.692482
vt 0.609460 0.710486
vt 0.591535 0.710486
vt 0.609460 0.734911
vt 0.591535 0.734911
vt 0.609460 0.544144
vt 0.573611 0.544144
vt 0.591535 0.544144
vt 0.573611 0.518033
vt 0.593312 0.584977
vt 0.593312 0.563485
vt 0.575387 0.733134
vt 0.575387 0.712262
vt 0.607683 0.616828
vt 0.593312 0.616828
vt 0.607683 0.542368
vt 0.593312 0.542368
vt 0.607683 0.563485
vt 0.589759 0.649631
vt 0.575387 0.649630
vt 0.591535 0.692482
vt 0.589759 0.712262
vt 0.607683 0.602922
vt 0.607683 0.519810
vt 0.589759 0.632961
vt 0.593312 0.602922
vt 0.593312 0.519810
vt 0.607683 0.632961
vt 0.593312 0.632961
vt 0.607683 0.649630
vt 0.593312 0.649630
vt 0.607683 0.584977
vt 0.607683 0.667403
vt 0.593312 0.667403
vt 0.607683 0.690705
vt 0.593312 0.690705
vt 0.607683 0.712262
vt 0.593312 0.712262
vt 0.607683 0.733134
vt 0.593312 0.733134
vt 0.589759 0.519810
vt 0.575387 0.519810
vt 0.589759 0.542368
vt 0.575387 0.542368
vt 0.589759 0.733134
vt 0.589759 0.667403
vt 0.575387 0.667403
vt 0.589759 0.690705
vt 0.575387 0.690705
vt 0.589759 0.563485
vt 0.575387 0.563485
vt 0.589759 0.584977
vt 0.575387 0.584977
vt 0.575387 0.632961
vt 0.589759 0.602922
vt 0.575387 0.602923
vt 0.589759 0.616828
vt 0.575387 0.616828
vt 0.625000 1.000000
vt 0.625000 0.234143
vt 0.625000 0.250000
vt 0.625000 0.190467
vt 0.625000 0.203680
vt 0.625000 0.012913
vt 0.625000 0.041690
vt 0.625000 0.000000
vt 0.625000 0.161071
vt 0.625000 0.055342
vt 0.625000 0.086550
vt 0.625000 0.150832
vt 0.625000 0.096417
vt 0.625000 0.129417
vt 0.625000 0.120992
s 0
usemtl Variable
f 121/9/4 134/10/4 4/11/4 8/12/4
f 632/15/7 12/16/7 9/17/7 630/18/7
f 640/19/8 123/20/8 11/21/8 631/22/8
f 638/23/9 99/24/9 12/16/9 632/15/9
f 631/22/10 11/21/10 10/25/10 629/26/10
f 1042/27/7 16/28/7 14/29/7 1040/30/7
f 1050/31/8 124/32/8 15/33/8 1041/34/8
f 1048/35/9 100/36/9 16/28/9 1042/27/9
f 1041/34/10 15/33/10 13/37/10 1039/38/10
f 425/39/10 18/40/10 20/41/10 423/42/10
f 432/43/9 101/44/9 19/45/9 426/46/9
f 434/47/8 125/48/8 18/40/8 425/39/8
f 426/46/7 19/45/7 17/49/7 424/50/7
f 1342/51/7 24/52/7 22/53/7 1340/54/7
f 1350/55/8 126/56/8 23/57/8 1341/58/8
f 1348/59/9 102/60/9 24/52/9 1342/51/9
f 1341/58/10 23/57/10 21/61/10 1339/62/10
f 6/63/7 27/64/7 25/65/7 2/66/7
f 134/10/8 127/67/8 26/68/8 4/11/8
f 109/69/9 103/70/9 27/64/9 6/63/9
f 4/11/10 26/68/10 28/71/10 8/72/10
f 157/102/9 151/103/9 62/88/9 49/104/9
f 98/105/8 115/84/8 61/93/8 52/106/8
f 1352/107/9 150/108/9 60/109/9 1343/110/9
f 1347/111/8 114/112/8 59/8/8 1344/113/8
f 63/90/8 116/100/8 393/100/8 394/90/8
f 436/114/9 149/115/9 57/116/9 428/117/9
f 1052/118/9 148/119/9 56/120/9 1043/121/9
f 1047/122/8 112/123/8 55/124/8 1044/125/8
f 642/126/9 147/127/9 54/128/9 633/129/9
f 637/130/8 111/131/8 53/132/8 634/133/8
f 109/136/4 98/105/4 52/106/4 49/137/4
f 639/144/9 135/145/9 87/146/9 635/147/9
f 1049/148/9 136/149/9 88/150/9 1045/151/9
f 433/152/9 137/153/9 89/154/9 429/155/9
f 1349/156/9 138/157/9 90/158/9 1345/159/9
f 121/160/9 139/75/9 91/161/9 73/162/9
f 182/183/8 175/184/8 79/169/8 86/185/8
f 1354/186/8 174/187/8 78/188/8 1346/189/8
f 438/190/8 173/191/8 77/192/8 430/193/8
f 1054/194/8 172/195/8 76/196/8 1046/197/8
f 644/198/8 171/199/8 75/200/8 636/201/8
f 169/204/4 182/183/4 86/185/4 73/205/4
f 6/207/4 2/66/4 98/105/4 109/136/4
f 630/18/8 9/17/8 111/131/8 637/130/8
f 1040/30/8 14/29/8 112/123/8 1047/122/8
f 424/50/8 17/49/8 113/208/8 431/209/8
f 1340/54/8 22/53/8 114/112/8 1347/111/8
f 2/66/8 25/65/8 115/84/8 98/105/8
f 49/104/9 62/88/9 103/70/9 109/69/9
f 1343/110/9 60/109/9 102/60/9 1348/59/9
f 428/117/9 57/116/9 101/44/9 432/43/9
f 1043/121/9 56/120/9 100/36/9 1048/35/9
f 633/129/9 54/128/9 99/24/9 638/23/9
f 8/213/9 28/76/9 139/75/9 121/160/9
f 1339/214/9 21/215/9 138/157/9 1349/156/9
f 423/216/9 20/217/9 137/153/9 433/152/9
f 1039/218/9 13/219/9 136/149/9 1049/148/9
f 629/220/9 10/221/9 135/145/9 639/144/9
f 86/185/8 79/169/8 127/67/8 134/10/8
f 1346/189/8 78/188/8 126/56/8 1350/55/8
f 435/223/8 161/224/8 399/224/8 465/225/8
f 1046/197/8 76/196/8 124/32/8 1050/31/8
f 636/201/8 75/200/8 123/20/8 640/19/8
f 73/205/4 86/185/4 134/10/4 121/9/4
f 49/137/4 52/106/4 146/228/4 157/229/4
f 634/133/8 53/132/8 159/230/8 641/231/8
f 1044/125/8 55/124/8 160/232/8 1051/233/8
f 427/234/8 58/235/8 161/224/8 435/223/8
f 1344/113/8 59/8/8 162/7/8 1351/236/8
f 52/106/8 61/93/8 163/99/8 146/228/8
f 648/242/9 219/243/9 147/127/9 642/126/9
f 1058/244/9 220/245/9 148/119/9 1052/118/9
f 442/246/9 221/247/9 149/115/9 436/114/9
f 1358/248/9 222/249/9 150/108/9 1352/107/9
f 229/250/9 223/251/9 151/103/9 157/102/9
f 73/162/9 91/161/9 187/182/9 169/262/9
f 1345/159/9 90/158/9 186/226/9 1353/263/9
f 429/155/9 89/154/9 185/264/9 437/265/9
f 1045/151/9 88/150/9 184/266/9 1053/267/9
f 635/147/9 87/146/9 183/268/9 643/269/9
f 205/271/4 194/272/4 182/183/4 169/204/4
f 645/275/8 207/276/8 171/199/8 644/198/8
f 1055/277/8 208/278/8 172/195/8 1054/194/8
f 438/190/8 176/179/8 404/179/8 466/279/8
f 1355/280/8 210/281/8 174/187/8 1354/186/8
f 194/272/8 211/282/8 175/184/8 182/183/8
f 194/272/4 254/297/4 293/297/4 252/272/4
f 1360/298/8 246/202/8 210/281/8 1355/280/8
f 1060/300/8 244/301/8 208/278/8 1055/277/8
f 650/302/8 243/303/8 207/276/8 645/275/8
f 241/304/4 254/297/4 194/272/4 205/271/4
f 169/262/9 187/182/9 199/283/9 205/310/9
f 1353/263/9 186/226/9 198/311/9 1356/312/9
f 437/265/9 185/264/9 197/313/9 440/314/9
f 1053/267/9 184/266/9 196/315/9 1056/316/9
f 643/269/9 183/268/9 195/317/9 646/318/9
f 157/229/4 146/228/4 218/299/4 229/320/4
f 641/231/8 159/230/8 231/321/8 647/322/8
f 1051/233/8 160/232/8 232/323/8 1057/324/8
f 161/224/8 233/293/8 405/293/8 399/224/8
f 1351/236/8 162/7/8 234/325/8 1357/326/8
f 146/228/8 163/99/8 235/254/8 218/299/8
f 277/335/9 271/336/9 223/251/9 229/250/9
f 1362/337/9 270/338/9 222/249/9 1358/248/9
f 449/339/9 269/340/9 221/247/9 442/246/9
f 1062/341/9 268/342/9 220/245/9 1058/244/9
f 652/343/9 267/344/9 219/243/9 648/242/9
f 646/318/9 195/317/9 255/345/9 649/346/9
f 1056/316/9 196/315/9 256/347/9 1059/348/9
f 440/314/9 197/313/9 257/349/9 443/350/9
f 1356/312/9 198/311/9 258/319/9 1359/351/9
f 205/310/9 199/283/9 259/296/9 241/352/9
f 653/359/4 659/360/4 254/297/4 241/304/4
f 695/361/8 655/362/8 243/303/8 650/302/8
f 1064/363/8 656/364/8 244/301/8 1060/300/8
f 248/291/1 247/290/1 350/290/1 346/291/1
f 1364/365/8 657/203/8 246/202/8 1360/298/8
f 697/366/1 266/367/1 308/367/1 708/366/1
f 251/367/4 289/299/4 303/299/4 304/367/4
f 305/356/10 283/356/10 309/356/10 311/356/10
f 1357/326/8 234/325/8 282/376/8 1361/377/8
f 1057/324/8 232/323/8 280/378/8 1061/379/8
f 647/322/8 231/321/8 279/380/8 651/381/8
f 229/320/4 218/299/4 266/367/4 277/383/4
f 714/384/9 698/385/9 267/344/9 652/343/9
f 1066/386/9 699/387/9 268/342/9 1062/341/9
f 710/388/9 700/389/9 269/340/9 449/339/9
f 1366/390/9 701/240/9 270/338/9 1362/337/9
f 715/391/9 702/392/9 271/336/9 277/335/9
f 266/367/4 218/299/4 289/299/4 251/367/4
f 252/272/4 293/297/4 301/297/4 302/272/4
f 671/398/8 670/399/8 306/290/8 307/297/8
f 281/294/8 245/371/8 344/371/8 680/400/8 729/401/8 343/294/8
f 266/367/8 283/356/8 305/356/8 308/367/8
f 247/290/1 254/297/1 307/297/1 306/290/1
f 452/295/8 341/357/8 366/357/8 460/295/8
f 445/370/1 248/291/1 346/291/1 453/370/1
f 329/356/10 309/356/10 333/356/10 335/356/10
f 341/357/8 339/356/8 365/356/8 366/357/8
f 247/290/7 306/290/7 312/290/7 310/290/7
f 283/356/1 284/357/1 349/357/1 348/356/1
f 247/290/1 310/290/1 355/290/1 350/290/1
f 720/402/1 305/356/1 311/356/1 721/402/1
f 313/371/9 314/372/9 322/372/9 321/371/9
f 313/371/8 317/294/8 325/294/8 321/371/8
f 316/293/9 317/294/9 325/294/9 324/293/9
f 245/371/38 209/372/38 314/372/38 313/371/38
f 245/371/39 281/294/39 317/294/39 313/371/39
f 233/293/38 281/294/38 317/294/38 316/293/38
f 673/399/8 330/290/8 332/290/8 674/399/8
f 310/290/1 312/290/1 332/290/1 330/290/1
f 311/356/1 309/356/1 329/356/1 331/356/1
f 721/402/1 311/356/1 331/356/1 723/402/1
f 451/370/8 338/371/8 363/371/8 459/370/8
f 309/356/1 283/356/1 348/356/1 352/356/1
f 675/399/8 334/290/8 336/290/8 676/399/8
f 310/290/7 330/290/7 336/290/7 334/290/7
f 339/356/1 333/356/1 353/356/1 365/356/1
f 722/402/1 329/356/1 335/356/1 725/402/1
f 310/290/1 334/290/1 358/290/1 355/290/1
f 333/356/1 309/356/1 352/356/1 353/356/1
f 686/404/8 677/405/8 338/371/8 451/370/8
f 727/402/8 339/356/8 341/357/8 728/406/8
f 334/290/1 340/290/1 359/290/1 358/290/1
f 726/407/1 337/294/1 362/294/1 732/408/1
f 448/295/1 281/294/1 343/294/1 454/295/1
f 724/402/1 333/356/1 339/356/1 727/402/1
f 346/291/40 350/290/40 355/290/40 347/291/40
f 453/370/40 346/291/40 347/291/40 455/370/40
f 352/356/10 354/357/10 361/357/10 353/356/10
f 347/291/7 355/290/7 358/290/7 360/291/7
f 348/356/41 349/357/41 354/357/41 352/356/41
f 680/400/4 344/371/4 345/371/4 681/400/4
f 454/295/41 343/294/41 351/294/41 456/295/41
f 353/356/10 361/357/10 366/357/10 365/356/10
f 360/291/7 358/290/7 359/290/7 364/291/7
f 681/400/4 345/371/4 357/371/4 682/400/4
f 456/295/10 351/294/10 356/294/10 458/295/10
f 455/370/7 347/291/7 360/291/7 457/370/7
f 682/400/4 357/371/4 363/371/4 683/409/4
f 458/295/10 356/294/10 362/294/10 460/295/10
f 457/370/7 360/291/7 364/291/7 459/370/7
f 340/290/8 342/291/8 364/291/8 359/290/8
f 711/410/9 709/411/9 390/412/9 563/413/9
f 558/414/8 385/415/8 389/416/8 562/417/8
f 688/418/8 685/419/8 388/420/8 561/421/8
f 557/422/9 384/423/9 387/424/9 560/425/9
f 563/413/9 390/412/9 386/426/9 559/427/9
f 552/428/8 379/429/8 385/415/8 558/414/8
f 554/430/9 381/431/9 384/423/9 557/422/9
f 561/421/8 388/420/8 383/432/8 556/433/8
f 556/433/8 383/432/8 382/434/8 555/435/8
f 546/436/9 373/437/9 381/431/9 554/430/9
f 559/427/9 386/426/9 380/438/9 553/439/9
f 545/440/8 372/441/8 379/429/8 552/428/8
f 547/442/8 374/443/8 378/444/8 551/445/8
f 564/446/9 367/447/9 377/448/9 550/449/9
f 544/450/9 371/451/9 376/452/9 549/453/9
f 541/454/8 368/455/8 375/456/8 548/457/8
f 555/435/8 382/434/8 374/443/8 547/442/8
f 550/449/9 377/448/9 373/437/9 546/436/9
f 548/457/8 375/456/8 372/441/8 545/440/8
f 553/439/9 380/438/9 371/451/9 544/450/9
f 542/458/10 369/459/10 367/460/10 564/461/10
f 549/453/9 376/452/9 370/462/9 543/463/9
f 551/445/8 378/444/8 369/459/8 542/458/8
f 543/463/7 370/462/7 368/455/7 541/454/7
f 467/464/10 401/372/10 417/372/10 475/373/10
f 463/465/10 391/208/10 407/208/10 471/465/10
f 466/279/7 404/179/7 420/179/7 474/190/7
f 462/466/10 395/192/10 411/192/10 470/467/10
f 431/209/8 113/208/8 391/208/8 463/465/8
f 236/328/8 164/238/8 400/238/8 406/328/8
f 209/372/8 173/191/8 402/191/8 401/372/8
f 77/192/8 125/48/8 397/48/8 395/192/8
f 439/396/8 209/372/8 401/372/8 467/464/8
f 434/47/8 128/83/8 398/83/8 464/468/8
f 427/234/8 63/90/8 394/90/8 461/469/8
f 430/193/8 77/192/8 395/192/8 462/466/8
f 113/208/8 58/235/8 392/235/8 391/208/8
f 441/397/8 236/328/8 406/328/8 468/470/8
f 176/179/8 212/285/8 403/285/8 404/179/8
f 128/83/8 80/181/8 396/181/8 398/83/8
f 395/192/4 397/48/4 413/48/4 411/192/4
f 399/224/4 405/293/4 421/293/4 415/224/4
f 398/83/1 396/181/1 412/181/1 414/83/1
f 406/328/1 400/238/1 416/238/1 422/328/1
f 464/468/7 398/83/7 414/83/7 472/478/7
f 391/208/4 392/235/4 408/235/4 407/208/4
f 468/470/7 406/328/7 422/328/7 476/292/7
f 465/225/10 399/224/10 415/224/10 473/479/10
f 394/90/1 393/100/1 409/100/1 410/90/1
f 401/372/4 402/191/4 418/191/4 417/372/4
f 461/469/7 394/90/7 410/90/7 469/234/7
f 404/179/1 403/285/1 419/285/1 420/179/1
f 392/235/7 461/469/7 469/234/7 408/235/7
f 400/238/10 465/225/10 473/479/10 416/238/10
f 405/293/7 468/470/7 476/292/7 421/293/7
f 397/48/7 464/468/7 472/478/7 413/48/7
f 233/293/8 441/397/8 468/470/8 405/293/8
f 80/181/8 430/193/8 462/466/8 396/181/8
f 58/235/8 427/234/8 461/469/8 392/235/8
f 125/48/8 434/47/8 464/468/8 397/48/8
f 212/285/8 439/396/8 467/464/8 403/285/8
f 116/100/8 431/209/8 463/465/8 393/100/8
f 396/181/10 462/466/10 470/467/10 412/181/10
f 402/191/7 466/279/7 474/190/7 418/191/7
f 393/100/10 463/465/10 471/465/10 409/100/10
f 403/285/10 467/464/10 475/373/10 419/285/10
f 357/371/7 457/370/7 459/370/7 363/371/7
f 361/357/10 458/295/10 460/295/10 366/357/10
f 345/371/7 455/370/7 457/370/7 357/371/7
f 354/357/10 456/295/10 458/295/10 361/357/10
f 349/357/41 454/295/41 456/295/41 354/357/41
f 344/371/40 453/370/40 455/370/40 345/371/40
f 284/357/1 448/295/1 454/295/1 349/357/1
f 679/485/8 686/404/8 451/370/8 342/291/8
f 342/291/8 451/370/8 459/370/8 364/291/8
f 245/371/1 445/370/1 453/370/1 344/371/1
f 337/294/8 452/295/8 460/295/8 362/294/8
f 703/393/9 710/388/9 449/339/9 272/334/9
f 200/309/9 440/314/9 443/350/9 260/353/9
f 272/334/9 449/339/9 442/246/9 224/252/9
f 188/261/9 437/265/9 440/314/9 200/309/9
f 173/191/8 438/190/8 466/279/8 402/191/8
f 92/164/9 429/155/9 437/265/9 188/261/9
f 224/252/9 442/246/9 436/114/9 152/101/9
f 63/90/8 427/234/8 435/223/8 164/238/8
f 164/238/8 435/223/8 465/225/8 400/238/8
f 29/212/9 423/216/9 433/152/9 140/163/9
f 64/98/9 428/117/9 432/43/9 104/80/9
f 30/79/8 424/50/8 431/209/8 116/100/8
f 176/179/8 438/190/8 430/193/8 80/181/8
f 140/163/9 433/152/9 429/155/9 92/164/9
f 152/101/9 436/114/9 428/117/9 64/98/9
f 32/78/7 426/46/7 424/50/7 30/79/7
f 128/83/8 434/47/8 425/39/8 31/73/8
f 104/80/9 432/43/9 426/46/9 32/78/9
f 31/73/10 425/39/10 423/42/10 29/74/10
f 19/45/7 543/463/7 541/454/7 17/49/7
f 125/48/8 551/445/8 542/458/8 18/40/8
f 101/44/9 549/453/9 543/463/9 19/45/9
f 18/40/10 542/458/10 564/461/10 20/41/10
f 149/115/9 553/439/9 544/450/9 57/116/9
f 547/442/1 551/445/1 572/445/1 568/442/1
f 137/153/9 550/449/9 546/436/9 89/154/9
f 173/191/8 555/435/8 547/442/8 77/192/8
f 17/49/8 541/454/8 548/457/8 113/208/8
f 57/116/9 544/450/9 549/453/9 101/44/9
f 20/217/9 564/446/9 550/449/9 137/153/9
f 552/428/1 558/414/1 580/414/1 573/428/1
f 58/235/8 545/440/8 552/428/8 161/224/8
f 221/247/9 559/427/9 553/439/9 149/115/9
f 89/154/9 546/436/9 554/430/9 185/264/9
f 58/235/4 113/208/4 565/208/4 566/235/4
f 245/371/8 561/421/8 556/433/8 209/372/8
f 185/264/9 554/430/9 557/422/9 197/313/9
f 558/414/10 233/293/10 579/293/10 580/414/10
f 269/340/9 563/413/9 559/427/9 221/247/9
f 197/313/9 557/422/9 560/425/9 257/349/9
f 281/294/8 562/417/8 735/506/8 688/418/8 561/421/8 245/371/8
f 233/293/8 558/414/8 562/417/8 281/294/8
f 700/389/9 711/410/9 563/413/9 269/340/9
f 565/208/8 570/457/8 567/440/8 566/235/8
f 569/192/8 568/442/8 572/445/8 571/48/8
f 575/372/8 578/433/8 577/435/8 576/191/8
f 574/224/8 573/428/8 580/414/8 579/293/8
f 209/372/7 556/433/7 578/433/7 575/372/7
f 551/445/10 125/48/10 571/48/10 572/445/10
f 77/192/7 547/442/7 568/442/7 569/192/7
f 555/435/10 173/191/10 576/191/10 577/435/10
f 233/293/4 161/224/4 574/224/4 579/293/4
f 548/457/1 545/440/1 567/440/1 570/457/1
f 161/224/7 552/428/7 573/428/7 574/224/7
f 113/208/7 548/457/7 570/457/7 565/208/7
f 545/440/10 58/235/10 566/235/10 567/440/10
f 556/433/1 555/435/1 577/435/1 578/433/1
f 173/191/4 209/372/4 575/372/4 576/191/4
f 125/48/4 77/192/4 569/192/4 571/48/4
f 709/411/9 712/507/9 604/508/9 390/412/9
f 385/415/8 599/509/8 603/510/8 389/416/8
f 384/423/9 598/512/9 601/513/9 387/424/9
f 390/412/9 604/508/9 600/514/9 386/426/9
f 381/431/9 595/515/9 598/512/9 384/423/9
f 388/420/8 602/516/8 597/517/8 383/432/8
f 373/437/9 587/520/9 595/515/9 381/431/9
f 386/426/9 600/514/9 594/521/9 380/438/9
f 372/441/8 586/522/8 593/523/8 379/429/8
f 367/447/9 581/524/9 591/525/9 377/448/9
f 371/451/9 585/526/9 590/527/9 376/452/9
f 368/455/8 582/528/8 589/529/8 375/456/8
f 382/434/8 596/530/8 588/511/8 374/443/8
f 377/448/9 591/525/9 587/520/9 373/437/9
f 380/438/9 594/521/9 585/526/9 371/451/9
f 369/459/43 583/531/43 581/532/43 367/460/43
f 376/452/9 590/527/9 584/533/9 370/462/9
f 378/444/8 592/534/8 583/531/8 369/459/8
f 370/462/7 584/533/7 582/528/7 368/455/7
f 814/535/9 713/536/9 628/537/9 809/538/9
f 804/539/8 623/540/8 627/541/8 808/542/8
f 823/543/10 756/544/10 779/544/10 835/543/10
f 803/545/9 622/546/9 625/547/9 806/548/9
f 809/538/9 628/537/9 624/549/9 805/550/9
f 750/551/1 747/552/1 772/552/1 773/551/1
f 800/553/9 619/554/9 622/546/9 803/545/9
f 807/555/8 626/556/8 621/557/8 802/558/8
f 740/559/4 741/560/4 766/560/4 763/559/4
f 792/561/9 611/562/9 619/554/9 800/553/9
f 805/550/9 624/549/9 618/563/9 799/564/9
f 791/565/8 610/566/8 617/567/8 798/568/8
f 821/569/10 752/570/10 775/570/10 833/569/10
f 810/571/9 605/572/9 615/573/9 796/574/9
f 790/575/9 609/576/9 614/577/9 795/578/9
f 787/579/8 606/580/8 613/581/8 794/582/8
f 801/583/8 620/584/8 612/585/8 793/586/8
f 796/574/9 615/573/9 611/562/9 792/561/9
f 746/587/1 743/588/1 768/588/1 769/587/1
f 799/564/9 618/563/9 609/576/9 790/575/9
f 788/589/44 607/590/44 605/591/44 810/592/44
f 795/578/9 614/577/9 608/593/9 789/594/9
f 797/595/8 616/596/8 607/590/8 788/589/8
f 789/594/7 608/593/7 606/580/7 787/579/7
f 713/536/9 714/384/9 652/343/9 628/537/9
f 623/540/8 647/322/8 651/381/8 627/541/8
f 623/540/4 617/567/4 968/567/4 974/540/4
f 622/546/9 646/318/9 649/346/9 625/547/9
f 628/537/9 652/343/9 648/242/9 624/549/9
f 616/596/4 612/585/4 962/585/4 966/596/4
f 619/554/9 643/269/9 646/318/9 622/546/9
f 626/556/8 650/302/8 645/275/8 621/557/8
f 650/302/10 626/556/10 976/556/10 975/302/10
f 611/562/9 635/147/9 643/269/9 619/554/9
f 624/549/9 648/242/9 642/126/9 618/563/9
f 610/566/8 634/133/8 641/231/8 617/567/8
f 738/597/45 737/598/45 981/598/45 982/597/45
f 605/572/9 629/220/9 639/144/9 615/573/9
f 609/576/9 633/129/9 638/23/9 614/577/9
f 606/580/8 630/18/8 637/130/8 613/581/8
f 620/584/8 644/198/8 636/201/8 612/585/8
f 615/573/9 639/144/9 635/147/9 611/562/9
f 645/275/1 644/198/1 969/198/1 971/275/1
f 618/563/9 642/126/9 633/129/9 609/576/9
f 607/590/10 631/22/10 629/26/10 605/591/10
f 614/577/9 638/23/9 632/15/9 608/593/9
f 616/596/8 640/19/8 631/22/8 607/590/8
f 608/593/7 632/15/7 630/18/7 606/580/7
f 737/598/8 738/597/8 695/361/8 693/599/8
f 625/547/9 649/346/9 694/600/9 692/601/9
f 813/602/8 737/598/8 693/599/8 811/603/8
f 806/548/9 625/547/9 692/601/9 812/604/9
f 733/519/8 736/518/8 691/605/8 685/419/8
f 387/424/9 601/513/9 690/606/9 684/607/9
f 257/349/9 560/425/9 689/608/9 662/609/9
f 260/353/9 443/350/9 687/610/9 665/611/9
f 728/406/8 734/612/8 686/404/8 679/485/8
f 735/506/8 733/519/8 685/419/8 688/418/8
f 560/425/9 387/424/9 684/607/9 689/608/9
f 731/613/4 682/400/4 683/409/4 732/614/4
f 730/613/4 681/400/4 682/400/4 731/613/4
f 729/401/4 680/400/4 681/400/4 730/613/4
f 334/290/1 675/399/1 678/399/1 340/290/1
f 338/371/1 677/615/1 683/616/1 363/371/1
f 340/290/8 678/399/8 679/485/8 342/291/8
f 734/612/8 726/617/8 677/405/8 686/404/8
f 330/290/1 673/399/1 676/399/1 336/290/1
f 724/402/8 675/399/8 676/399/8 725/402/8
f 312/290/1 672/399/1 674/399/1 332/290/1
f 722/402/8 673/399/8 674/399/8 723/402/8
f 306/290/1 670/399/1 672/399/1 312/290/1
f 708/618/8 720/402/8 670/399/8 671/398/8
f 241/352/9 259/296/9 664/368/9 653/621/9
f 1359/351/9 258/319/9 663/241/9 1363/622/9
f 443/350/9 257/349/9 662/609/9 687/610/9
f 1059/348/9 256/347/9 661/623/9 1063/624/9
f 649/346/9 255/345/9 660/625/9 694/600/9
f 254/297/1 659/360/1 671/398/1 307/297/1
f 1365/627/8 719/628/8 657/203/8 1364/365/8
f 1065/629/8 718/630/8 656/364/8 1064/363/8
f 738/597/8 717/631/8 655/362/8 695/361/8
f 715/632/4 697/633/4 659/360/4 653/359/4
f 277/383/4 266/367/4 697/633/4 715/632/4
f 651/381/8 279/380/8 717/631/8 738/597/8
f 1061/379/8 280/378/8 718/630/8 1065/629/8
f 1361/377/8 282/376/8 719/628/8 1365/627/8
f 308/367/8 305/356/8 720/402/8 708/618/8
f 329/356/8 722/402/8 723/402/8 331/356/8
f 333/356/8 724/402/8 725/402/8 335/356/8
f 452/295/8 337/294/8 726/617/8 734/612/8
f 343/294/4 729/401/4 730/613/4 351/294/4
f 351/294/4 730/613/4 731/613/4 356/294/4
f 356/294/4 731/613/4 732/614/4 362/294/4
f 562/417/8 389/416/8 733/519/8 735/506/8
f 341/357/8 452/295/8 734/612/8 728/406/8
f 819/635/10 748/636/10 771/636/10 831/635/10
f 693/599/7 695/361/7 980/361/7 979/599/7
f 692/601/9 694/600/9 714/384/9 713/536/9
f 812/604/9 692/601/9 713/536/9 814/535/9
f 684/607/9 690/606/9 712/507/9 709/411/9
f 662/609/9 689/608/9 711/410/9 700/389/9
f 665/611/9 687/610/9 710/388/9 703/393/9
f 689/608/9 684/607/9 709/411/9 711/410/9
f 675/399/1 724/402/1 727/402/1 678/399/1
f 677/405/1 726/617/1 732/614/1 683/637/1
f 678/399/8 727/402/8 728/406/8 679/485/8
f 673/399/1 722/402/1 725/402/1 676/399/1
f 672/399/1 721/402/1 723/402/1 674/399/1
f 670/399/1 720/402/1 721/402/1 672/399/1
f 653/621/9 664/368/9 702/392/9 715/391/9
f 1363/622/9 663/241/9 701/240/9 1366/390/9
f 687/610/9 662/609/9 700/389/9 710/388/9
f 1063/624/9 661/623/9 699/387/9 1066/386/9
f 694/600/9 660/625/9 698/385/9 714/384/9
f 659/360/1 697/633/1 708/618/1 671/360/1
f 811/603/8 693/599/8 740/559/8 815/638/8
f 693/599/8 626/556/8 741/560/8 740/559/8
f 807/555/8 602/516/8 742/639/8 816/640/8
f 602/516/8 691/605/8 739/641/8 742/639/8
f 798/568/8 617/567/8 744/642/8 817/643/8
f 617/567/8 623/540/8 745/644/8 744/642/8
f 804/539/8 599/509/8 746/587/8 818/645/8
f 599/509/8 593/523/8 743/588/8 746/587/8
f 802/558/8 621/557/8 748/636/8 819/635/8
f 621/557/8 620/584/8 749/646/8 748/636/8
f 801/583/8 596/530/8 750/551/8 820/647/8
f 596/530/8 597/517/8 747/552/8 750/551/8
f 793/586/8 612/585/8 752/570/8 821/569/8
f 612/585/8 616/596/8 753/648/8 752/570/8
f 797/595/8 592/534/8 754/649/8 822/650/8
f 592/534/8 588/511/8 751/651/8 754/649/8
f 794/582/8 613/581/8 756/544/8 823/543/8
f 613/581/8 610/566/8 757/652/8 756/544/8
f 791/565/8 586/522/8 758/653/8 824/654/8
f 586/522/8 589/529/8 755/655/8 758/653/8
f 808/542/8 627/541/8 760/656/8 825/657/8
f 627/541/8 737/598/8 761/658/8 760/656/8
f 813/602/8 736/518/8 762/659/8 826/660/8
f 736/518/8 603/510/8 759/661/8 762/659/8
f 744/642/4 745/644/4 770/644/4 767/642/4
f 754/649/1 751/651/1 776/651/1 777/649/1
f 825/657/10 760/656/10 783/656/10 837/657/10
f 816/640/7 742/639/7 765/639/7 828/640/7
f 748/636/4 749/646/4 774/646/4 771/636/4
f 758/653/1 755/655/1 780/655/1 781/653/1
f 818/645/7 746/587/7 769/587/7 830/645/7
f 752/570/4 753/648/4 778/648/4 775/570/4
f 762/659/1 759/661/1 784/661/1 785/659/1
f 820/647/7 750/551/7 773/551/7 832/647/7
f 756/544/4 757/652/4 782/652/4 779/544/4
f 822/650/7 754/649/7 777/649/7 834/650/7
f 760/656/4 761/658/4 786/658/4 783/656/4
f 824/654/7 758/653/7 781/653/7 836/654/7
f 826/660/7 762/659/7 785/659/7 838/660/7
f 815/638/10 740/559/10 763/559/10 827/638/10
f 817/643/10 744/642/10 767/642/10 829/643/10
f 742/639/1 739/641/1 764/641/1 765/639/1
f 743/588/10 817/643/10 829/643/10 768/588/10
f 739/641/10 815/638/10 827/638/10 764/641/10
f 761/658/7 826/660/7 838/660/7 786/658/7
f 757/652/7 824/654/7 836/654/7 782/652/7
f 753/648/7 822/650/7 834/650/7 778/648/7
f 749/646/7 820/647/7 832/647/7 774/646/7
f 745/644/7 818/645/7 830/645/7 770/644/7
f 741/560/7 816/640/7 828/640/7 766/560/7
f 759/661/10 825/657/10 837/657/10 784/661/10
f 737/598/8 813/602/8 826/660/8 761/658/8
f 603/510/8 808/542/8 825/657/8 759/661/8
f 610/566/8 791/565/8 824/654/8 757/652/8
f 589/529/8 794/582/8 823/543/8 755/655/8
f 616/596/8 797/595/8 822/650/8 753/648/8
f 588/511/8 793/586/8 821/569/8 751/651/8
f 620/584/8 801/583/8 820/647/8 749/646/8
f 597/517/8 802/558/8 819/635/8 747/552/8
f 623/540/8 804/539/8 818/645/8 745/644/8
f 593/523/8 798/568/8 817/643/8 743/588/8
f 626/556/8 807/555/8 816/640/8 741/560/8
f 691/605/8 811/603/8 815/638/8 739/641/8
f 690/606/9 812/604/9 814/535/9 712/507/9
f 747/552/10 819/635/10 831/635/10 772/552/10
f 601/513/9 806/548/9 812/604/9 690/606/9
f 736/518/8 813/602/8 811/603/8 691/605/8
f 584/533/7 789/594/7 787/579/7 582/528/7
f 592/534/8 797/595/8 788/589/8 583/531/8
f 590/527/9 795/578/9 789/594/9 584/533/9
f 583/531/46 788/589/46 810/592/46 581/532/46
f 594/521/9 799/564/9 790/575/9 585/526/9
f 591/525/9 796/574/9 792/561/9 587/520/9
f 596/530/8 801/583/8 793/586/8 588/511/8
f 582/528/8 787/579/8 794/582/8 589/529/8
f 585/526/9 790/575/9 795/578/9 590/527/9
f 581/524/9 810/571/9 796/574/9 591/525/9
f 751/651/10 821/569/10 833/569/10 776/651/10
f 586/522/8 791/565/8 798/568/8 593/523/8
f 600/514/9 805/550/9 799/564/9 594/521/9
f 587/520/9 792/561/9 800/553/9 595/515/9
f 602/516/8 807/555/8 802/558/8 597/517/8
f 595/515/9 800/553/9 803/545/9 598/512/9
f 604/508/9 809/538/9 805/550/9 600/514/9
f 598/512/9 803/545/9 806/548/9 601/513/9
f 755/655/10 823/543/10 835/543/10 780/655/10
f 599/509/8 804/539/8 808/542/8 603/510/8
f 712/507/9 814/535/9 809/538/9 604/508/9
f 979/599/8 980/361/8 975/302/8 976/556/8
f 968/567/8 967/231/8 973/322/8 974/540/8
f 972/557/8 971/275/8 969/198/8 970/584/8
f 962/585/8 961/201/8 965/19/8 966/596/8
f 964/581/8 963/130/8 959/133/8 960/566/8
f 978/541/8 977/381/8 982/597/8 981/598/8
f 612/585/7 636/201/7 961/201/7 962/585/7
f 627/541/7 651/381/7 977/381/7 978/541/7
f 737/598/4 627/541/4 978/541/4 981/598/4
f 695/361/1 650/302/1 975/302/1 980/361/1
f 644/198/10 620/584/10 970/584/10 969/198/10
f 613/581/7 637/130/7 963/130/7 964/581/7
f 651/381/1 738/597/1 982/597/1 977/381/1
f 637/130/1 634/133/1 959/133/1 963/130/1
f 621/557/7 645/275/7 971/275/7 972/557/7
f 620/584/4 621/557/4 972/557/4 970/584/4
f 636/201/1 640/19/1 965/19/1 961/201/1
f 641/231/1 647/322/1 973/322/1 967/231/1
f 647/322/10 623/540/10 974/540/10 973/322/10
f 640/19/10 616/596/10 966/596/10 965/19/10
f 626/556/4 693/599/4 979/599/4 976/556/4
f 617/567/7 641/231/7 967/231/7 968/567/7
f 610/566/4 613/581/4 964/581/4 960/566/4
f 634/133/10 610/566/10 960/566/10 959/133/10
f 660/625/9 1007/710/9 1010/711/9 698/385/9
f 1080/712/1 1078/713/1 1275/713/1 1276/712/1
f 717/631/8 1090/714/8 1088/715/8 655/362/8
f 255/345/9 1003/716/9 1007/710/9 660/625/9
f 698/385/9 1010/711/9 1006/717/9 267/344/9
f 231/321/8 1082/718/8 1086/719/8 279/380/8
f 1074/720/10 123/20/10 1269/20/10 1270/720/10
f 195/317/9 1000/721/9 1003/716/9 255/345/9
f 267/344/9 1006/717/9 1002/722/9 219/243/9
f 207/276/7 1080/712/7 1276/712/7 1273/276/7
f 183/268/9 997/723/9 1000/721/9 195/317/9
f 243/303/8 1084/724/8 1080/712/8 207/276/8
f 717/631/4 279/380/4 1283/380/4 1285/631/4
f 87/146/9 989/725/9 997/723/9 183/268/9
f 219/243/9 1002/722/9 996/726/9 147/127/9
f 53/132/8 1068/727/8 1076/728/8 159/230/8
f 1082/718/10 231/321/10 1277/321/10 1278/718/10
f 10/221/9 986/729/9 993/730/9 135/145/9
f 54/128/9 987/731/9 992/732/9 99/24/9
f 9/17/8 983/733/8 1072/734/8 111/131/8
f 171/199/8 1078/713/8 1070/735/8 75/200/8
f 135/145/9 993/730/9 989/725/9 87/146/9
f 243/303/4 655/362/4 1279/362/4 1280/303/4
f 147/127/9 996/726/9 987/731/9 54/128/9
f 11/21/10 984/736/10 986/737/10 10/25/10
f 99/24/9 992/732/9 985/738/9 12/16/9
f 123/20/8 1074/720/8 984/736/8 11/21/8
f 12/16/7 985/738/7 983/733/7 9/17/7
f 1138/739/9 1035/740/9 1038/741/9 1141/742/9
f 1023/743/4 1029/744/4 1105/744/4 1099/743/4
f 1140/745/8 1089/746/8 1087/747/8 1139/748/8
f 1134/749/9 1031/750/9 1035/740/9 1138/739/9
f 1141/742/9 1038/741/9 1034/751/9 1137/752/9
f 1132/753/8 1081/754/8 1085/755/8 1136/756/8
f 1148/757/7 998/758/7 1102/758/7 1160/759/7
f 1131/760/9 1028/761/9 1031/750/9 1134/749/9
f 1137/752/9 1034/751/9 1030/762/9 1133/763/9
f 1009/764/1 1005/765/1 1110/765/1 1114/764/1
f 1128/766/9 1025/767/9 1028/761/9 1131/760/9
f 1135/768/8 1083/769/8 1079/770/8 1130/771/8
f 1036/772/4 1032/773/4 1107/773/4 1111/772/4
f 1120/774/9 1017/775/9 1025/767/9 1128/766/9
f 1133/763/9 1030/762/9 1024/776/9 1127/777/9
f 1119/778/8 1067/779/8 1075/780/8 1126/781/8
f 1147/782/10 1023/743/10 1099/743/10 1159/782/10
f 1142/783/9 1011/784/9 1021/785/9 1124/786/9
f 1118/787/9 1015/788/9 1020/789/9 1123/790/9
f 1115/791/8 1012/792/8 1071/793/8 1122/794/8
f 1129/795/8 1077/796/8 1069/797/8 1121/798/8
f 1124/786/9 1021/785/9 1017/775/9 1120/774/9
f 1154/799/7 1009/764/7 1114/764/7 1166/800/7
f 1127/777/9 1024/776/9 1015/788/9 1118/787/9
f 1116/801/10 1013/802/10 1011/803/10 1142/804/10
f 1123/790/9 1020/789/9 1014/805/9 1117/806/9
f 1125/807/8 1073/808/8 1013/802/8 1116/801/8
f 1117/806/7 1014/805/7 1012/792/7 1115/791/7
f 1035/740/9 1063/624/9 1066/386/9 1038/741/9
f 1089/746/4 1085/755/4 1306/755/4 1310/746/4
f 1089/746/8 1065/629/8 1064/363/8 1087/747/8
f 1031/750/9 1059/348/9 1063/624/9 1035/740/9
f 1038/741/9 1066/386/9 1062/341/9 1034/751/9
f 1081/754/8 1057/324/8 1061/379/8 1085/755/8
f 1060/300/10 1083/769/10 1304/769/10 1303/300/10
f 1028/761/9 1056/316/9 1059/348/9 1031/750/9
f 1034/751/9 1062/341/9 1058/244/9 1030/762/9
f 1067/779/4 1071/793/4 1292/793/4 1288/779/4
f 1025/767/9 1053/267/9 1056/316/9 1028/761/9
f 1083/769/8 1060/300/8 1055/277/8 1079/770/8
f 1044/125/10 1067/779/10 1288/779/10 1287/125/10
f 1017/775/9 1045/151/9 1053/267/9 1025/767/9
f 1030/762/9 1058/244/9 1052/118/9 1024/776/9
f 1067/779/8 1044/125/8 1051/233/8 1075/780/8
f 1075/780/7 1051/233/7 1295/233/7 1296/780/7
f 1011/784/9 1039/218/9 1049/148/9 1021/785/9
f 1015/788/9 1043/121/9 1048/35/9 1020/789/9
f 1012/792/8 1040/30/8 1047/122/8 1071/793/8
f 1077/796/8 1054/194/8 1046/197/8 1069/797/8
f 1021/785/9 1049/148/9 1045/151/9 1017/775/9
f 1083/769/4 1087/747/4 1308/747/4 1304/769/4
f 1024/776/9 1052/118/9 1043/121/9 1015/788/9
f 1013/802/10 1041/34/10 1039/38/10 1011/803/10
f 1020/789/9 1048/35/9 1042/27/9 1014/805/9
f 1073/808/8 1050/31/8 1041/34/8 1013/802/8
f 1014/805/7 1042/27/7 1040/30/7 1012/792/7
f 1143/809/8 1016/810/8 1067/779/8 1119/778/8
f 1144/811/8 990/812/8 1070/735/8 1121/798/8
f 1145/813/8 991/814/8 1072/734/8 1122/794/8
f 1146/815/8 1022/816/8 1073/808/8 1125/807/8
f 1147/782/8 995/817/8 1076/728/8 1126/781/8
f 1148/757/8 1026/818/8 1077/796/8 1129/795/8
f 1149/819/8 999/820/8 1080/712/8 1130/771/8
f 1150/821/8 1029/744/8 1081/754/8 1132/753/8
f 1151/822/8 1032/773/8 1083/769/8 1135/768/8
f 1152/823/8 1005/765/8 1086/719/8 1136/756/8
f 1153/824/8 1008/825/8 1088/715/8 1139/748/8
f 1154/799/8 1037/826/8 1089/746/8 1140/745/8
f 1005/765/8 1009/764/8 1090/714/8 1086/719/8
f 1008/825/8 1004/827/8 1084/724/8 1088/715/8
f 995/817/8 1001/828/8 1082/718/8 1076/728/8
f 999/820/8 998/758/8 1078/713/8 1080/712/8
f 990/812/8 994/829/8 1074/720/8 1070/735/8
f 991/814/8 988/830/8 1068/727/8 1072/734/8
f 1037/826/8 1033/831/8 1085/755/8 1089/746/8
f 1032/773/8 1036/772/8 1087/747/8 1083/769/8
f 1029/744/8 1023/743/8 1075/780/8 1081/754/8
f 1026/818/8 1027/832/8 1079/770/8 1077/796/8
f 1022/816/8 1018/833/8 1069/797/8 1073/808/8
f 1016/810/8 1019/834/8 1071/793/8 1067/779/8
f 1004/827/1 1008/825/1 1112/825/1 1108/827/1
f 1149/819/10 1027/832/10 1103/832/10 1161/819/10
f 1027/832/4 1026/818/4 1101/818/4 1103/832/4
f 1001/828/1 995/817/1 1100/817/1 1106/828/1
f 1150/821/7 1001/828/7 1106/828/7 1162/821/7
f 1018/833/4 1022/816/4 1097/816/4 1093/833/4
f 1143/809/7 988/830/7 1092/830/7 1155/809/7
f 998/758/1 999/820/1 1104/820/1 1102/758/1
f 1151/822/7 1004/827/7 1108/827/7 1163/822/7
f 1019/834/4 1016/810/4 1091/810/4 1095/834/4
f 1144/811/10 1018/833/10 1093/833/10 1156/846/10
f 994/829/1 990/812/1 1094/812/1 1098/829/1
f 1152/823/10 1033/831/10 1109/831/10 1164/823/10
f 1145/813/10 1019/834/10 1095/834/10 1157/847/10
f 988/830/1 991/814/1 1096/814/1 1092/830/1
f 1153/824/10 1036/772/10 1111/772/10 1165/848/10
f 1146/815/7 994/829/7 1098/829/7 1158/815/7
f 1033/831/4 1037/826/4 1113/826/4 1109/831/4
f 1022/816/7 1146/815/7 1158/815/7 1097/816/7
f 1008/825/10 1153/824/10 1165/848/10 1112/825/10
f 991/814/10 1145/813/10 1157/847/10 1096/814/10
f 1005/765/10 1152/823/10 1164/823/10 1110/765/10
f 990/812/10 1144/811/10 1156/846/10 1094/812/10
f 1032/773/7 1151/822/7 1163/822/7 1107/773/7
f 1016/810/7 1143/809/7 1155/809/7 1091/810/7
f 1029/744/7 1150/821/7 1162/821/7 1105/744/7
f 999/820/10 1149/819/10 1161/819/10 1104/820/10
f 1009/764/8 1154/799/8 1140/745/8 1090/714/8
f 1036/772/8 1153/824/8 1139/748/8 1087/747/8
f 1033/831/8 1152/823/8 1136/756/8 1085/755/8
f 1004/827/8 1151/822/8 1135/768/8 1084/724/8
f 1001/828/8 1150/821/8 1132/753/8 1082/718/8
f 1027/832/8 1149/819/8 1130/771/8 1079/770/8
f 998/758/8 1148/757/8 1129/795/8 1078/713/8
f 1023/743/8 1147/782/8 1126/781/8 1075/780/8
f 994/829/8 1146/815/8 1125/807/8 1074/720/8
f 1019/834/8 1145/813/8 1122/794/8 1071/793/8
f 1018/833/8 1144/811/8 1121/798/8 1069/797/8
f 988/830/8 1143/809/8 1119/778/8 1068/727/8
f 985/738/7 1117/806/7 1115/791/7 983/733/7
f 1074/720/8 1125/807/8 1116/801/8 984/736/8
f 992/732/9 1123/790/9 1117/806/9 985/738/9
f 984/736/10 1116/801/10 1142/804/10 986/737/10
f 996/726/9 1127/777/9 1118/787/9 987/731/9
f 1037/826/7 1154/799/7 1166/800/7 1113/826/7
f 993/730/9 1124/786/9 1120/774/9 989/725/9
f 1078/713/8 1129/795/8 1121/798/8 1070/735/8
f 983/733/8 1115/791/8 1122/794/8 1072/734/8
f 987/731/9 1118/787/9 1123/790/9 992/732/9
f 986/729/9 1142/783/9 1124/786/9 993/730/9
f 995/817/10 1147/782/10 1159/782/10 1100/817/10
f 1068/727/8 1119/778/8 1126/781/8 1076/728/8
f 1002/722/9 1133/763/9 1127/777/9 996/726/9
f 989/725/9 1120/774/9 1128/766/9 997/723/9
f 1084/724/8 1135/768/8 1130/771/8 1080/712/8
f 997/723/9 1128/766/9 1131/760/9 1000/721/9
f 1006/717/9 1137/752/9 1133/763/9 1002/722/9
f 1000/721/9 1131/760/9 1134/749/9 1003/716/9
f 1026/818/7 1148/757/7 1160/759/7 1101/818/7
f 1082/718/8 1132/753/8 1136/756/8 1086/719/8
f 1010/711/9 1141/742/9 1137/752/9 1006/717/9
f 1003/716/9 1134/749/9 1138/739/9 1007/710/9
f 1090/714/8 1140/745/8 1139/748/8 1088/715/8
f 1007/710/9 1138/739/9 1141/742/9 1010/711/9
f 231/321/4 159/230/4 1272/230/4 1277/321/4
f 75/200/7 1070/735/7 1266/735/7 1267/200/7
f 279/380/7 1086/719/7 1282/719/7 1283/380/7
f 1088/715/1 1084/724/1 1281/724/1 1284/715/1
f 53/132/4 111/131/4 1263/131/4 1264/132/4
f 1068/727/10 53/132/10 1264/132/10 1265/727/10
f 1072/734/1 1068/727/1 1265/727/1 1268/734/1
f 171/199/4 207/276/4 1273/276/4 1274/199/4
f 1078/713/10 171/199/10 1274/199/10 1275/713/10
f 655/362/7 1088/715/7 1284/715/7 1279/362/7
f 123/20/4 75/200/4 1267/200/4 1269/20/4
f 159/230/7 1076/728/7 1271/728/7 1272/230/7
f 1090/714/10 717/631/10 1285/631/10 1286/714/10
f 111/131/7 1072/734/7 1268/734/7 1263/131/7
f 1086/719/1 1090/714/1 1286/714/1 1282/719/1
f 1070/735/1 1074/720/1 1270/720/1 1266/735/1
f 1076/728/1 1082/718/1 1278/718/1 1271/728/1
f 1084/724/10 243/303/10 1280/303/10 1281/724/10
f 1306/755/8 1305/379/8 1309/629/8 1310/746/8
f 1308/747/8 1307/363/8 1303/300/8 1304/769/8
f 1296/780/8 1295/233/8 1301/324/8 1302/754/8
f 1300/770/8 1299/277/8 1297/194/8 1298/796/8
f 1290/797/8 1289/197/8 1293/31/8 1294/808/8
f 1292/793/8 1291/122/8 1287/125/8 1288/779/8
f 1073/808/4 1069/797/4 1290/797/4 1294/808/4
f 1069/797/7 1046/197/7 1289/197/7 1290/797/7
f 1055/277/1 1054/194/1 1297/194/1 1299/277/1
f 1085/755/7 1061/379/7 1305/379/7 1306/755/7
f 1081/754/4 1075/780/4 1296/780/4 1302/754/4
f 1054/194/10 1077/796/10 1298/796/10 1297/194/10
f 1071/793/7 1047/122/7 1291/122/7 1292/793/7
f 1064/363/1 1060/300/1 1303/300/1 1307/363/1
f 1079/770/7 1055/277/7 1299/277/7 1300/770/7
f 1047/122/1 1044/125/1 1287/125/1 1291/122/1
f 1087/747/7 1064/363/7 1307/363/7 1308/747/7
f 1077/796/4 1079/770/4 1300/770/4 1298/796/4
f 1057/324/10 1081/754/10 1302/754/10 1301/324/10
f 1061/379/1 1065/629/1 1309/629/1 1305/379/1
f 1050/31/10 1073/808/10 1294/808/10 1293/31/10
f 1046/197/1 1050/31/1 1293/31/1 1289/197/1
f 1065/629/10 1089/746/10 1310/746/10 1309/629/10
f 1051/233/1 1057/324/1 1301/324/1 1295/233/1
f 661/623/9 1335/886/9 1338/887/9 699/387/9
f 718/630/4 280/378/4 1583/378/4 1585/630/4
f 718/630/8 1337/888/8 1336/889/8 656/364/8
f 256/347/9 1331/890/9 1335/886/9 661/623/9
f 699/387/9 1338/887/9 1334/891/9 268/342/9
f 232/323/8 1329/892/8 1333/893/8 280/378/8
f 244/301/4 656/364/4 1579/364/4 1580/301/4
f 196/315/9 1328/894/9 1331/890/9 256/347/9
f 268/342/9 1334/891/9 1330/895/9 220/245/9
f 1319/896/1 1316/897/1 1565/897/1 1568/896/1
f 184/266/9 1325/898/9 1328/894/9 196/315/9
f 244/301/8 1332/899/8 1327/900/8 208/278/8
f 1332/899/10 244/301/10 1580/301/10 1581/899/10
f 88/150/9 1317/901/9 1325/898/9 184/266/9
f 220/245/9 1330/895/9 1324/902/9 148/119/9
f 55/124/8 1316/897/8 1323/903/8 160/232/8
f 280/378/7 1333/893/7 1582/893/7 1583/378/7
f 13/219/9 1314/904/9 1321/905/9 136/149/9
f 56/120/9 1315/906/9 1320/907/9 100/36/9
f 14/29/8 1311/908/8 1319/896/8 112/123/8
f 172/195/8 1326/909/8 1318/910/8 76/196/8
f 136/149/9 1321/905/9 1317/901/9 88/150/9
f 1336/889/1 1332/899/1 1581/899/1 1584/889/1
f 148/119/9 1324/902/9 1315/906/9 56/120/9
f 15/33/10 1312/911/10 1314/912/10 13/37/10
f 100/36/9 1320/907/9 1313/913/9 16/28/9
f 124/32/8 1322/914/8 1312/911/8 15/33/8
f 16/28/7 1313/913/7 1311/908/7 14/29/7
f 1438/915/9 1363/622/9 1366/390/9 1441/916/9
f 1446/917/7 1374/918/7 1397/918/7 1458/917/7
f 1440/919/8 1365/627/8 1364/365/8 1439/920/8
f 1434/921/9 1359/351/9 1363/622/9 1438/915/9
f 1441/916/9 1366/390/9 1362/337/9 1437/922/9
f 1432/923/8 1357/326/8 1361/377/8 1436/924/8
f 1386/925/1 1383/926/1 1408/926/1 1409/925/1
f 1431/927/9 1356/312/9 1359/351/9 1434/921/9
f 1437/922/9 1362/337/9 1358/248/9 1433/928/9
f 1376/929/4 1377/930/4 1402/930/4 1399/929/4
f 1428/931/9 1353/263/9 1356/312/9 1431/927/9
f 1435/932/8 1360/298/8 1355/280/8 1430/933/8
f 1444/934/7 1370/935/7 1393/935/7 1456/934/7
f 1420/936/9 1345/159/9 1353/263/9 1428/931/9
f 1433/928/9 1358/248/9 1352/107/9 1427/937/9
f 1419/938/8 1344/113/8 1351/236/8 1426/939/8
f 1453/940/10 1388/941/10 1411/941/10 1465/940/10
f 1442/942/9 1339/214/9 1349/156/9 1424/943/9
f 1418/944/9 1343/110/9 1348/59/9 1423/945/9
f 1415/946/8 1340/54/8 1347/111/8 1422/947/8
f 1429/948/8 1354/186/8 1346/189/8 1421/949/8
f 1424/943/9 1349/156/9 1345/159/9 1420/936/9
f 1382/950/1 1379/951/1 1404/951/1 1405/950/1
f 1427/937/9 1352/107/9 1343/110/9 1418/944/9
f 1416/952/10 1341/58/10 1339/62/10 1442/953/10
f 1423/945/9 1348/59/9 1342/51/9 1417/954/9
f 1425/955/8 1350/55/8 1341/58/8 1416/952/8
f 1417/954/7 1342/51/7 1340/54/7 1415/946/7
f 1436/924/8 1361/377/8 1368/956/8 1443/957/8
f 1361/377/8 1365/627/8 1369/958/8 1368/956/8
f 1440/919/8 1337/888/8 1370/935/8 1444/934/8
f 1337/888/8 1333/893/8 1367/959/8 1370/935/8
f 1439/920/8 1364/365/8 1372/960/8 1445/961/8
f 1364/365/8 1360/298/8 1373/962/8 1372/960/8
f 1435/932/8 1332/899/8 1374/918/8 1446/917/8
f 1332/899/8 1336/889/8 1371/963/8 1374/918/8
f 1426/939/8 1351/236/8 1376/929/8 1447/964/8
f 1351/236/8 1357/326/8 1377/930/8 1376/929/8
f 1432/923/8 1329/892/8 1378/965/8 1448/966/8
f 1329/892/8 1323/903/8 1375/967/8 1378/965/8
f 1430/933/8 1355/280/8 1380/968/8 1449/969/8
f 1355/280/8 1354/186/8 1381/970/8 1380/968/8
f 1429/948/8 1326/909/8 1382/950/8 1450/971/8
f 1326/909/8 1327/900/8 1379/951/8 1382/950/8
f 1421/949/8 1346/189/8 1384/972/8 1451/973/8
f 1346/189/8 1350/55/8 1385/974/8 1384/972/8
f 1425/955/8 1322/914/8 1386/925/8 1452/975/8
f 1322/914/8 1318/910/8 1383/926/8 1386/925/8
f 1422/947/8 1347/111/8 1388/941/8 1453/940/8
f 1347/111/8 1344/113/8 1389/976/8 1388/941/8
f 1419/938/8 1316/897/8 1390/977/8 1454/978/8
f 1316/897/8 1319/896/8 1387/979/8 1390/977/8
f 1380/968/4 1381/970/4 1406/970/4 1403/968/4
f 1390/977/1 1387/979/1 1412/979/1 1413/977/1
f 1448/966/7 1378/965/7 1401/965/7 1460/966/7
f 1384/972/4 1385/974/4 1410/974/4 1407/972/4
f 1450/971/7 1382/950/7 1405/950/7 1462/991/7
f 1388/941/4 1389/976/4 1414/976/4 1411/941/4
f 1452/975/7 1386/925/7 1409/925/7 1464/975/7
f 1454/978/7 1390/977/7 1413/977/7 1466/978/7
f 1443/957/10 1368/956/10 1391/956/10 1455/957/10
f 1445/961/10 1372/960/10 1395/960/10 1457/961/10
f 1370/935/1 1367/959/1 1392/959/1 1393/935/1
f 1447/964/10 1376/929/10 1399/929/10 1459/964/10
f 1374/918/1 1371/963/1 1396/963/1 1397/918/1
f 1449/969/10 1380/968/10 1403/968/10 1461/969/10
f 1368/956/4 1369/958/4 1394/958/4 1391/956/4
f 1378/965/1 1375/967/1 1400/967/1 1401/965/1
f 1451/973/10 1384/972/10 1407/972/10 1463/973/10
f 1372/960/4 1373/962/4 1398/962/4 1395/960/4
f 1383/926/10 1451/973/10 1463/973/10 1408/926/10
f 1379/951/10 1449/969/10 1461/969/10 1404/951/10
f 1375/967/10 1447/964/10 1459/964/10 1400/967/10
f 1371/963/10 1445/961/10 1457/961/10 1396/963/10
f 1367/959/10 1443/957/10 1455/957/10 1392/959/10
f 1389/976/7 1454/978/7 1466/978/7 1414/976/7
f 1385/974/7 1452/975/7 1464/975/7 1410/974/7
f 1381/970/7 1450/971/7 1462/991/7 1406/970/7
f 1377/930/7 1448/966/7 1460/966/7 1402/930/7
f 1344/113/8 1419/938/8 1454/978/8 1389/976/8
f 1319/896/8 1422/947/8 1453/940/8 1387/979/8
f 1350/55/8 1425/955/8 1452/975/8 1385/974/8
f 1318/910/8 1421/949/8 1451/973/8 1383/926/8
f 1354/186/8 1429/948/8 1450/971/8 1381/970/8
f 1327/900/8 1430/933/8 1449/969/8 1379/951/8
f 1357/326/8 1432/923/8 1448/966/8 1377/930/8
f 1323/903/8 1426/939/8 1447/964/8 1375/967/8
f 1360/298/8 1435/932/8 1446/917/8 1373/962/8
f 1336/889/8 1439/920/8 1445/961/8 1371/963/8
f 1365/627/8 1440/919/8 1444/934/8 1369/958/8
f 1333/893/8 1436/924/8 1443/957/8 1367/959/8
f 1313/913/7 1417/954/7 1415/946/7 1311/908/7
f 1322/914/8 1425/955/8 1416/952/8 1312/911/8
f 1320/907/9 1423/945/9 1417/954/9 1313/913/9
f 1312/911/10 1416/952/10 1442/953/10 1314/912/10
f 1324/902/9 1427/937/9 1418/944/9 1315/906/9
f 1321/905/9 1424/943/9 1420/936/9 1317/901/9
f 1326/909/8 1429/948/8 1421/949/8 1318/910/8
f 1311/908/8 1415/946/8 1422/947/8 1319/896/8
f 1315/906/9 1418/944/9 1423/945/9 1320/907/9
f 1314/904/9 1442/942/9 1424/943/9 1321/905/9
f 1387/979/10 1453/940/10 1465/940/10 1412/979/10
f 1316/897/8 1419/938/8 1426/939/8 1323/903/8
f 1330/895/9 1433/928/9 1427/937/9 1324/902/9
f 1317/901/9 1420/936/9 1428/931/9 1325/898/9
f 1369/958/7 1444/934/7 1456/934/7 1394/958/7
f 1332/899/8 1435/932/8 1430/933/8 1327/900/8
f 1325/898/9 1428/931/9 1431/927/9 1328/894/9
f 1334/891/9 1437/922/9 1433/928/9 1330/895/9
f 1328/894/9 1431/927/9 1434/921/9 1331/890/9
f 1329/892/8 1432/923/8 1436/924/8 1333/893/8
f 1338/887/9 1441/916/9 1437/922/9 1334/891/9
f 1331/890/9 1434/921/9 1438/915/9 1335/886/9
f 1337/888/8 1440/919/8 1439/920/8 1336/889/8
f 1373/962/7 1446/917/7 1458/917/7 1398/962/7
f 1335/886/9 1438/915/9 1441/916/9 1338/887/9
f 232/323/4 160/232/4 1572/232/4 1577/323/4
f 1333/893/1 1337/888/1 1586/888/1 1582/893/1
f 1329/892/10 232/323/10 1577/323/10 1578/892/10
f 1318/910/1 1322/914/1 1570/914/1 1566/910/1
f 1323/903/1 1329/892/1 1578/892/1 1571/903/1
f 656/364/7 1336/889/7 1584/889/7 1579/364/7
f 55/124/4 112/123/4 1563/123/4 1564/124/4
f 172/195/4 208/278/4 1573/278/4 1574/195/4
f 124/32/4 76/196/4 1567/196/4 1569/32/4
f 1337/888/10 718/630/10 1585/630/10 1586/888/10
f 1327/900/1 1326/909/1 1575/909/1 1576/900/1
f 1326/909/10 172/195/10 1574/195/10 1575/909/10
f 208/278/7 1327/900/7 1576/900/7 1573/278/7
f 1322/914/10 124/32/10 1569/32/10 1570/914/10
f 160/232/7 1323/903/7 1571/903/7 1572/232/7
f 1316/897/10 55/124/10 1564/124/10 1565/897/10
f 76/196/7 1318/910/7 1566/910/7 1567/196/7
f 112/123/7 1319/896/7 1568/896/7 1563/123/7
f 343/403/4 294/403/4 286/403/4 344/403/4 680/403/4 729/403/4
usemtl Trim
f 122/1/1 133/2/1 7/3/1 3/4/1
f 181/5/2 193/6/2 1623/6/2 1621/5/2
f 162/7/3 59/8/3 1604/8/3 1618/7/3
f 7/3/5 133/2/5 1611/2/5 1588/3/5
f 230/13/6 278/14/6 1637/14/6 1629/13/6
f 31/73/11 29/74/11 40/74/11 35/73/11
f 139/75/12 28/76/12 39/76/12 141/77/12
f 32/78/13 30/79/13 33/79/13 37/78/13
f 104/80/14 32/78/14 37/78/14 106/81/14
f 39/71/15 36/68/15 44/68/15 47/71/15
f 37/78/16 33/79/16 41/79/16 45/78/16
f 106/81/17 37/78/17 45/78/17 108/82/17
f 34/65/18 38/64/18 46/64/18 42/65/18
f 25/65/19 27/64/19 38/64/19 34/65/19
f 128/83/20 31/73/20 35/73/20 130/83/20
f 28/71/21 26/68/21 36/68/21 39/71/21
f 115/84/22 25/65/22 34/65/22 117/84/22
f 46/64/7 45/78/7 41/79/7 42/65/7
f 131/85/8 132/83/8 43/73/8 44/68/8
f 107/86/9 108/82/9 45/78/9 46/64/9
f 44/68/10 43/73/10 48/74/10 47/71/10
f 117/84/23 34/65/23 42/65/23 119/84/23
f 35/73/24 40/74/24 48/74/24 43/73/24
f 130/83/25 35/73/25 43/73/25 132/83/25
f 141/77/26 39/76/26 47/76/26 143/87/26
f 105/70/26 66/88/26 70/88/26 107/86/26
f 118/89/25 67/90/25 71/90/25 120/91/25
f 165/92/23 65/93/23 69/94/23 167/95/23
f 155/96/9 156/97/9 72/98/9 70/88/9
f 119/84/8 120/91/8 71/90/8 69/94/8
f 163/99/22 61/93/22 65/93/22 165/92/22
f 116/100/20 63/90/20 67/90/20 118/89/20
f 154/97/17 68/98/17 72/98/17 156/97/17
f 152/101/14 64/98/14 68/98/14 154/97/14
f 103/70/12 62/88/12 66/88/12 105/70/12
f 170/134/6 74/135/6 1608/135/6 1607/134/6
f 5/138/27 1/139/27 1593/139/27 1592/138/27
f 110/140/1 97/141/1 51/142/1 50/143/1
f 102/60/28 60/109/28 1606/109/28 1598/60/28
f 140/163/14 92/164/14 94/165/14 142/166/14
f 142/166/17 94/165/17 96/167/17 144/168/17
f 127/67/22 79/169/22 81/170/22 129/171/22
f 143/87/9 144/168/9 96/167/9 95/172/9
f 129/171/23 81/170/23 83/173/23 131/85/23
f 189/174/26 93/172/26 95/172/26 191/175/26
f 178/176/25 82/177/25 84/178/25 180/179/25
f 179/180/8 180/179/8 84/178/8 83/173/8
f 176/179/20 80/181/20 82/177/20 178/176/20
f 187/182/12 91/161/12 93/172/12 189/174/12
f 246/202/3 657/203/3 1632/203/3 1626/202/3
f 170/134/1 181/5/1 85/206/1 74/135/1
f 1/139/1 5/138/1 97/141/1 110/140/1
f 97/141/2 5/138/2 1592/138/2 1591/141/2
f 27/64/12 103/70/12 105/70/12 38/64/12
f 30/79/20 116/100/20 118/89/20 33/79/20
f 42/65/8 41/79/8 120/91/8 119/84/8
f 33/79/25 118/89/25 120/91/25 41/79/25
f 38/64/26 105/70/26 107/86/26 46/64/26
f 65/93/23 117/84/23 119/84/23 69/94/23
f 70/88/9 72/98/9 108/82/9 107/86/9
f 61/93/22 115/84/22 117/84/22 65/93/22
f 68/98/17 106/81/17 108/82/17 72/98/17
f 64/98/14 104/80/14 106/81/14 68/98/14
f 265/210/5 217/211/5 1615/211/5 1627/210/5
f 36/68/23 129/171/23 131/85/23 44/68/23
f 47/76/9 48/212/9 144/168/9 143/87/9
f 26/68/22 127/67/22 129/171/22 36/68/22
f 40/212/17 142/166/17 144/168/17 48/212/17
f 29/212/14 140/163/14 142/166/14 40/212/14
f 50/143/6 158/222/6 1617/222/6 1600/143/6
f 93/172/26 141/77/26 143/87/26 95/172/26
f 82/177/25 130/83/25 132/83/25 84/178/25
f 83/173/8 84/178/8 132/83/8 131/85/8
f 80/181/20 128/83/20 130/83/20 82/177/20
f 91/161/12 139/75/12 141/77/12 93/172/12
f 186/226/28 90/158/28 1614/158/28 1622/226/28
f 74/135/1 85/206/1 133/2/1 122/1/1
f 50/143/1 51/142/1 145/227/1 158/222/1
f 122/1/6 3/4/6 1589/4/6 1590/1/6
f 62/88/12 151/103/12 153/237/12 66/88/12
f 63/90/20 164/238/20 166/238/20 67/90/20
f 69/94/8 71/90/8 168/239/8 167/95/8
f 67/90/25 166/238/25 168/239/25 71/90/25
f 66/88/26 153/237/26 155/96/26 70/88/26
f 701/240/28 663/241/28 1642/241/28 1636/240/28
f 224/252/14 152/101/14 154/97/14 226/253/14
f 226/253/17 154/97/17 156/97/17 228/252/17
f 235/254/22 163/99/22 165/92/22 237/255/22
f 227/256/9 228/252/9 156/97/9 155/96/9
f 237/255/23 165/92/23 167/95/23 239/257/23
f 81/170/23 177/258/23 179/180/23 83/173/23
f 95/172/9 96/167/9 192/259/9 191/175/9
f 79/169/22 175/184/22 177/258/22 81/170/22
f 94/165/17 190/260/17 192/259/17 96/167/17
f 92/164/14 188/261/14 190/260/14 94/165/14
f 3/4/29 7/3/29 1588/3/29 1589/4/29
f 206/270/1 193/6/1 181/5/1 170/134/1
f 654/273/6 242/274/6 1625/274/6 1631/273/6
f 199/283/12 187/182/12 189/174/12 201/284/12
f 212/285/20 176/179/20 178/176/20 214/286/20
f 215/287/8 216/288/8 180/179/8 179/180/8
f 214/286/25 178/176/25 180/179/25 216/288/25
f 201/284/26 189/174/26 191/175/26 203/284/26
f 261/289/26 201/284/26 203/284/26 263/289/26
f 249/282/8 250/290/8 288/291/8 287/285/8
f 446/292/8 290/293/8 294/294/8 450/295/8
f 214/286/30 216/288/30 212/285/30
f 259/296/12 199/283/12 201/284/12 261/289/12
f 218/299/7 235/254/7 292/254/7 289/299/7
f 126/56/3 78/188/3 1610/188/3 1597/56/3
f 242/274/1 253/305/1 193/6/1 206/270/1
f 177/258/23 213/306/23 215/287/23 179/180/23
f 191/175/9 192/259/9 204/307/9 203/284/9
f 175/184/22 211/282/22 213/306/22 177/258/22
f 190/260/17 202/308/17 204/307/17 192/259/17
f 188/261/14 200/309/14 202/308/14 190/260/14
f 663/241/28 258/319/28 1634/319/28 1642/241/28
f 158/222/1 145/227/1 217/211/1 230/13/1
f 51/142/5 97/141/5 1591/141/5 1602/142/5
f 151/103/12 223/251/12 225/327/12 153/237/12
f 164/238/20 236/328/20 238/329/20 166/238/20
f 167/95/8 168/239/8 240/330/8 239/257/8
f 166/238/25 238/329/25 240/330/25 168/239/25
f 153/237/26 225/327/26 227/256/26 155/96/26
f 250/290/31 249/282/31 298/282/31 297/290/31
f 275/331/9 276/332/9 228/252/9 227/256/9
f 216/288/30 215/287/30 211/282/30 212/285/30
f 274/333/17 226/253/17 228/252/17 276/332/17
f 272/334/14 224/252/14 226/253/14 274/333/14
f 210/281/3 246/202/3 1626/202/3 1620/281/3
f 85/206/5 181/5/5 1621/5/5 1612/206/5
f 200/309/14 260/353/14 262/354/14 202/308/14
f 202/308/17 262/354/17 264/355/17 204/307/17
f 213/306/30 211/282/30 215/287/30
f 203/284/9 204/307/9 264/355/9 263/289/9
f 295/356/8 292/254/8 291/328/8 296/357/8
f 654/273/1 658/358/1 253/305/1 242/274/1
f 270/338/28 701/240/28 1636/240/28 1628/338/28
f 664/368/12 259/296/12 261/289/12 666/369/12
f 254/297/7 247/290/7 250/290/7 293/297/7
f 444/370/8 286/371/8 285/372/8 447/373/8
f 666/369/26 261/289/26 263/289/26 668/374/26
f 225/327/26 273/375/26 275/331/26 227/256/26
f 236/328/32 240/330/32 238/329/32
f 240/330/33 236/328/33 235/254/33 239/257/33
f 223/251/12 271/336/12 273/375/12 225/327/12
f 448/295/10 284/357/10 296/357/10 450/295/10
f 290/293/34 233/293/34 316/293/34 315/293/34
f 658/358/5 696/382/5 1635/382/5 1641/358/5
f 230/13/1 217/211/1 265/210/1 278/14/1
f 74/135/35 122/1/35 1590/1/35 1608/135/35
f 703/393/14 272/334/14 274/333/14 705/394/14
f 705/394/17 274/333/17 276/332/17 707/393/17
f 706/395/9 707/393/9 276/332/9 275/331/9
f 237/255/33 239/257/33 235/254/33
f 211/282/10 194/272/10 252/272/10 249/282/10
f 212/285/10 211/282/10 249/282/10 287/285/10
f 294/294/36 290/293/36 315/293/36 318/294/36
f 235/254/7 236/328/7 291/328/7 292/254/7
f 439/396/10 212/285/10 287/285/10 447/373/10
f 284/357/10 283/356/10 295/356/10 296/357/10
f 283/356/10 266/367/10 251/367/10 295/356/10
f 445/370/7 245/371/7 286/371/7 444/370/7
f 441/397/7 233/293/7 290/293/7 446/292/7
f 247/290/7 248/291/7 288/291/7 250/290/7
f 303/299/8 299/254/8 300/356/8 304/367/8
f 301/297/8 297/290/8 298/282/8 302/272/8
f 249/282/10 252/272/10 302/272/10 298/282/10
f 292/254/31 295/356/31 300/356/31 299/254/31
f 289/299/7 292/254/7 299/254/7 303/299/7
f 295/356/10 251/367/10 304/367/10 300/356/10
f 293/297/7 250/290/7 297/290/7 301/297/7
f 209/372/37 285/372/37 320/372/37 314/372/37
f 285/372/36 286/371/36 319/371/36 320/372/36
f 294/403/36 318/403/36 319/403/36 286/403/36
f 324/293/1 325/294/1 326/294/1 323/293/1
f 321/371/1 322/372/1 328/372/1 327/371/1
f 321/371/1 327/371/1 326/294/1 325/294/1
f 318/403/8 326/403/8 327/403/8 319/403/8
f 314/372/10 320/372/10 328/372/10 322/372/10
f 318/294/8 315/293/8 323/293/8 326/294/8
f 320/372/8 319/371/8 327/371/8 328/372/8
f 315/293/7 316/293/7 324/293/7 323/293/7
f 491/471/7 492/472/7 523/472/7 524/471/7
f 477/473/10 478/474/10 509/474/10 510/473/10
f 497/475/10 498/476/10 529/476/10 530/475/10
f 490/477/4 491/471/4 524/471/4 521/477/4
f 492/472/1 489/480/1 522/480/1 523/472/1
f 483/481/7 484/482/7 515/482/7 516/481/7
f 503/483/7 504/484/7 535/484/7 536/483/7
f 489/480/10 490/477/10 521/477/10 522/480/10
f 236/328/7 441/397/7 446/292/7 291/328/7
f 248/291/7 445/370/7 444/370/7 288/291/7
f 209/372/10 439/396/10 447/373/10 285/372/10
f 281/294/10 448/295/10 450/295/10 294/294/10
f 288/291/8 444/370/8 447/373/8 287/285/8
f 291/328/8 446/292/8 450/295/8 296/357/8
f 471/465/8 407/208/8 478/474/8 477/473/8
f 407/208/8 408/235/8 479/486/8 478/474/8
f 408/235/8 469/234/8 480/487/8 479/486/8
f 469/234/8 471/465/8 477/473/8 480/487/8
f 470/467/8 411/192/8 482/488/8 481/489/8
f 411/192/8 413/48/8 483/481/8 482/488/8
f 413/48/8 472/478/8 484/482/8 483/481/8
f 472/478/8 470/467/8 481/489/8 484/482/8
f 475/373/8 417/372/8 486/490/8 485/491/8
f 417/372/8 418/191/8 487/492/8 486/490/8
f 418/191/8 474/190/8 488/493/8 487/492/8
f 474/190/8 475/373/8 485/491/8 488/493/8
f 473/479/8 415/224/8 490/477/8 489/480/8
f 415/224/8 421/293/8 491/471/8 490/477/8
f 421/293/8 476/292/8 492/472/8 491/471/8
f 476/292/8 473/479/8 489/480/8 492/472/8
f 416/238/8 473/479/8 494/494/8 493/495/8
f 473/479/8 476/292/8 495/496/8 494/494/8
f 476/292/8 422/328/8 496/497/8 495/496/8
f 422/328/8 416/238/8 493/495/8 496/497/8
f 419/285/8 475/373/8 498/476/8 497/475/8
f 475/373/8 474/190/8 499/498/8 498/476/8
f 474/190/8 420/179/8 500/499/8 499/498/8
f 420/179/8 419/285/8 497/475/8 500/499/8
f 412/181/8 470/467/8 502/500/8 501/501/8
f 470/467/8 472/478/8 503/483/8 502/500/8
f 472/478/8 414/83/8 504/484/8 503/483/8
f 414/83/8 412/181/8 501/501/8 504/484/8
f 409/100/8 471/465/8 506/502/8 505/503/8
f 471/465/8 469/234/8 507/504/8 506/502/8
f 469/234/8 410/90/8 508/505/8 507/504/8
f 410/90/8 409/100/8 505/503/8 508/505/8
f 500/499/1 497/475/1 530/475/1 531/499/1
f 480/487/1 477/473/1 510/473/1 511/487/1
f 498/476/4 499/498/4 532/498/4 529/476/4
f 478/474/4 479/486/4 512/486/4 509/474/4
f 505/503/10 506/502/10 537/502/10 538/503/10
f 485/491/10 486/490/10 517/490/10 518/491/10
f 499/498/7 500/499/7 531/499/7 532/498/7
f 479/486/7 480/487/7 511/487/7 512/486/7
f 508/505/1 505/503/1 538/503/1 539/505/1
f 488/493/1 485/491/1 518/491/1 519/493/1
f 506/502/4 507/504/4 540/504/4 537/502/4
f 486/490/4 487/492/4 520/492/4 517/490/4
f 493/495/10 494/494/10 525/494/10 526/495/10
f 507/504/7 508/505/7 539/505/7 540/504/7
f 487/492/7 488/493/7 519/493/7 520/492/7
f 496/497/1 493/495/1 526/495/1 527/497/1
f 494/494/4 495/496/4 528/496/4 525/494/4
f 501/501/10 502/500/10 533/500/10 534/501/10
f 481/489/10 482/488/10 513/488/10 514/489/10
f 495/496/7 496/497/7 527/497/7 528/496/7
f 504/484/1 501/501/1 534/501/1 535/484/1
f 484/482/1 481/489/1 514/489/1 515/482/1
f 502/500/4 503/483/4 536/483/4 533/500/4
f 482/488/4 483/481/4 516/481/4 513/488/4
f 374/443/7 588/511/7 937/511/7 938/443/7
f 385/415/4 379/429/4 944/429/4 950/415/4
f 736/518/42 733/519/42 957/519/42 958/518/42
f 378/444/4 374/443/4 938/443/4 942/444/4
f 602/516/10 388/420/10 952/420/10 951/516/10
f 263/289/9 264/355/9 669/619/9 668/374/9
f 262/354/17 667/620/17 669/619/17 264/355/17
f 260/353/14 665/611/14 667/620/14 262/354/14
f 150/108/28 222/249/28 1616/249/28 1605/108/28
f 704/626/26 666/369/26 668/374/26 706/395/26
f 702/392/12 664/368/12 666/369/12 704/626/12
f 242/274/35 206/270/35 1619/270/35 1625/274/35
f 716/634/1 696/382/1 658/358/1 654/273/1
f 278/14/1 265/210/1 696/382/1 716/634/1
f 253/305/2 658/358/2 1641/358/2 1633/305/2
f 271/336/12 702/392/12 704/626/12 273/375/12
f 273/375/26 704/626/26 706/395/26 275/331/26
f 733/519/4 389/416/4 954/416/4 957/519/4
f 668/374/9 669/619/9 707/393/9 706/395/9
f 667/620/17 705/394/17 707/393/17 669/619/17
f 665/611/14 703/393/14 705/394/14 667/620/14
f 90/158/28 138/157/28 1613/157/28 1614/158/28
f 875/662/10 876/663/10 923/663/10 924/662/10
f 848/664/4 849/665/4 898/665/4 895/664/4
f 868/666/4 869/667/4 918/667/4 915/666/4
f 850/668/1 847/669/1 896/669/1 897/668/1
f 870/670/1 867/671/1 916/671/1 917/670/1
f 841/672/7 842/673/7 889/673/7 890/672/7
f 861/674/7 862/675/7 909/675/7 910/674/7
f 847/669/10 848/664/10 895/664/10 896/669/10
f 881/676/7 882/677/7 929/677/7 930/676/7
f 867/671/10 868/666/10 915/666/10 916/671/10
f 840/678/4 841/672/4 890/672/4 887/678/4
f 860/679/4 861/674/4 910/674/4 907/679/4
f 827/638/8 763/559/8 840/678/8 839/680/8
f 763/559/8 766/560/8 841/672/8 840/678/8
f 766/560/8 828/640/8 842/673/8 841/672/8
f 828/640/8 827/638/8 839/680/8 842/673/8
f 829/643/8 767/642/8 844/681/8 843/682/8
f 767/642/8 770/644/8 845/683/8 844/681/8
f 770/644/8 830/645/8 846/684/8 845/683/8
f 830/645/8 829/643/8 843/682/8 846/684/8
f 831/635/8 771/636/8 848/664/8 847/669/8
f 771/636/8 774/646/8 849/665/8 848/664/8
f 774/646/8 832/647/8 850/668/8 849/665/8
f 832/647/8 831/635/8 847/669/8 850/668/8
f 833/569/8 775/570/8 852/685/8 851/686/8
f 775/570/8 778/648/8 853/687/8 852/685/8
f 778/648/8 834/650/8 854/688/8 853/687/8
f 834/650/8 833/569/8 851/686/8 854/688/8
f 835/543/8 779/544/8 856/689/8 855/690/8
f 779/544/8 782/652/8 857/691/8 856/689/8
f 782/652/8 836/654/8 858/692/8 857/691/8
f 836/654/8 835/543/8 855/690/8 858/692/8
f 837/657/8 783/656/8 860/679/8 859/693/8
f 783/656/8 786/658/8 861/674/8 860/679/8
f 786/658/8 838/660/8 862/675/8 861/674/8
f 838/660/8 837/657/8 859/693/8 862/675/8
f 784/661/8 837/657/8 864/694/8 863/695/8
f 837/657/8 838/660/8 865/696/8 864/694/8
f 838/660/8 785/659/8 866/697/8 865/696/8
f 785/659/8 784/661/8 863/695/8 866/697/8
f 780/655/8 835/543/8 868/666/8 867/671/8
f 835/543/8 836/654/8 869/667/8 868/666/8
f 836/654/8 781/653/8 870/670/8 869/667/8
f 781/653/8 780/655/8 867/671/8 870/670/8
f 776/651/8 833/569/8 872/698/8 871/699/8
f 833/569/8 834/650/8 873/700/8 872/698/8
f 834/650/8 777/649/8 874/701/8 873/700/8
f 777/649/8 776/651/8 871/699/8 874/701/8
f 772/552/8 831/635/8 876/663/8 875/662/8
f 831/635/8 832/647/8 877/702/8 876/663/8
f 832/647/8 773/551/8 878/703/8 877/702/8
f 773/551/8 772/552/8 875/662/8 878/703/8
f 768/588/8 829/643/8 880/704/8 879/705/8
f 829/643/8 830/645/8 881/676/8 880/704/8
f 830/645/8 769/587/8 882/677/8 881/676/8
f 769/587/8 768/588/8 879/705/8 882/677/8
f 764/641/8 827/638/8 884/706/8 883/707/8
f 827/638/8 828/640/8 885/708/8 884/706/8
f 828/640/8 765/639/8 886/709/8 885/708/8
f 765/639/8 764/641/8 883/707/8 886/709/8
f 855/690/10 856/689/10 903/689/10 904/690/10
f 869/667/7 870/670/7 917/670/7 918/667/7
f 849/665/7 850/668/7 897/668/7 898/665/7
f 878/703/1 875/662/1 924/662/1 925/703/1
f 858/692/1 855/690/1 904/690/1 905/692/1
f 876/663/4 877/702/4 926/702/4 923/663/4
f 856/689/4 857/691/4 906/691/4 903/689/4
f 883/707/10 884/706/10 931/706/10 932/707/10
f 863/695/10 864/694/10 911/694/10 912/695/10
f 877/702/7 878/703/7 925/703/7 926/702/7
f 843/682/10 844/681/10 891/681/10 892/682/10
f 857/691/7 858/692/7 905/692/7 906/691/7
f 886/709/1 883/707/1 932/707/1 933/709/1
f 866/697/1 863/695/1 912/695/1 913/697/1
f 846/684/1 843/682/1 892/682/1 893/684/1
f 884/706/4 885/708/4 934/708/4 931/706/4
f 864/694/4 865/696/4 914/696/4 911/694/4
f 844/681/4 845/683/4 894/683/4 891/681/4
f 871/699/10 872/698/10 919/698/10 920/699/10
f 885/708/7 886/709/7 933/709/7 934/708/7
f 851/686/10 852/685/10 899/685/10 900/686/10
f 865/696/7 866/697/7 913/697/7 914/696/7
f 845/683/7 846/684/7 893/684/7 894/683/7
f 874/701/1 871/699/1 920/699/1 921/701/1
f 854/688/1 851/686/1 900/686/1 901/688/1
f 872/698/4 873/700/4 922/700/4 919/698/4
f 852/685/4 853/687/4 902/687/4 899/685/4
f 879/705/10 880/704/10 927/704/10 928/705/10
f 859/693/10 860/679/10 907/679/10 908/693/10
f 873/700/7 874/701/7 921/701/7 922/700/7
f 839/680/10 840/678/10 887/678/10 888/680/10
f 853/687/7 854/688/7 901/688/7 902/687/7
f 882/677/1 879/705/1 928/705/1 929/677/1
f 862/675/1 859/693/1 908/693/1 909/675/1
f 842/673/1 839/680/1 888/680/1 889/673/1
f 880/704/4 881/676/4 930/676/4 927/704/4
f 955/419/8 956/605/8 951/516/8 952/420/8
f 944/429/8 943/523/8 949/509/8 950/415/8
f 948/432/8 947/517/8 945/530/8 946/434/8
f 938/443/8 937/511/8 941/534/8 942/444/8
f 940/456/8 939/529/8 935/522/8 936/441/8
f 954/416/8 953/510/8 958/518/8 957/519/8
f 389/416/7 603/510/7 953/510/7 954/416/7
f 596/530/10 382/434/10 946/434/10 945/530/10
f 375/456/7 589/529/7 939/529/7 940/456/7
f 597/517/1 596/530/1 945/530/1 947/517/1
f 383/432/7 597/517/7 947/517/7 948/432/7
f 603/510/1 736/518/1 958/518/1 953/510/1
f 382/434/4 383/432/4 948/432/4 946/434/4
f 691/605/1 602/516/1 951/516/1 956/605/1
f 599/509/10 385/415/10 950/415/10 949/509/10
f 592/534/10 378/444/10 942/444/10 941/534/10
f 589/529/1 586/522/1 935/522/1 939/529/1
f 388/420/4 685/419/4 955/419/4 952/420/4
f 379/429/7 593/523/7 943/523/7 944/429/7
f 685/419/7 691/605/7 956/605/7 955/419/7
f 372/441/4 375/456/4 940/456/4 936/441/4
f 586/522/10 372/441/10 936/441/10 935/522/10
f 588/511/1 592/534/1 941/534/1 937/511/1
f 593/523/1 599/509/1 949/509/1 943/523/1
f 1170/835/1 1167/836/1 1216/836/1 1217/835/1
f 1190/837/1 1187/838/1 1236/838/1 1237/837/1
f 1210/839/1 1207/840/1 1256/840/1 1257/839/1
f 1181/841/7 1182/842/7 1229/842/7 1230/841/7
f 1167/836/10 1168/843/10 1215/843/10 1216/836/10
f 1201/844/7 1202/845/7 1249/845/7 1250/844/7
f 1187/838/10 1188/849/10 1235/849/10 1236/838/10
f 1207/840/10 1208/850/10 1255/850/10 1256/840/10
f 1180/851/4 1181/841/4 1230/841/4 1227/851/4
f 1200/852/4 1201/844/4 1250/844/4 1247/852/4
f 1182/842/1 1179/853/1 1228/853/1 1229/842/1
f 1202/845/1 1199/854/1 1248/854/1 1249/845/1
f 1164/823/8 1109/831/8 1168/843/8 1167/836/8
f 1109/831/8 1113/826/8 1169/855/8 1168/843/8
f 1113/826/8 1166/800/8 1170/835/8 1169/855/8
f 1166/800/8 1164/823/8 1167/836/8 1170/835/8
f 1165/848/8 1111/772/8 1172/856/8 1171/857/8
f 1111/772/8 1107/773/8 1173/858/8 1172/856/8
f 1107/773/8 1163/822/8 1174/859/8 1173/858/8
f 1163/822/8 1165/848/8 1171/857/8 1174/859/8
f 1159/782/8 1099/743/8 1176/860/8 1175/861/8
f 1099/743/8 1105/744/8 1177/862/8 1176/860/8
f 1105/744/8 1162/821/8 1178/863/8 1177/862/8
f 1162/821/8 1159/782/8 1175/861/8 1178/863/8
f 1161/819/8 1103/832/8 1180/851/8 1179/853/8
f 1103/832/8 1101/818/8 1181/841/8 1180/851/8
f 1101/818/8 1160/759/8 1182/842/8 1181/841/8
f 1160/759/8 1161/819/8 1179/853/8 1182/842/8
f 1156/846/8 1093/833/8 1184/864/8 1183/865/8
f 1093/833/8 1097/816/8 1185/866/8 1184/864/8
f 1097/816/8 1158/815/8 1186/867/8 1185/866/8
f 1158/815/8 1156/846/8 1183/865/8 1186/867/8
f 1157/847/8 1095/834/8 1188/849/8 1187/838/8
f 1095/834/8 1091/810/8 1189/868/8 1188/849/8
f 1091/810/8 1155/809/8 1190/837/8 1189/868/8
f 1155/809/8 1157/847/8 1187/838/8 1190/837/8
f 1096/814/8 1157/847/8 1192/869/8 1191/870/8
f 1157/847/8 1155/809/8 1193/871/8 1192/869/8
f 1155/809/8 1092/830/8 1194/872/8 1193/871/8
f 1092/830/8 1096/814/8 1191/870/8 1194/872/8
f 1094/812/8 1156/846/8 1196/873/8 1195/874/8
f 1156/846/8 1158/815/8 1197/875/8 1196/873/8
f 1158/815/8 1098/829/8 1198/876/8 1197/875/8
f 1098/829/8 1094/812/8 1195/874/8 1198/876/8
f 1104/820/8 1161/819/8 1200/852/8 1199/854/8
f 1161/819/8 1160/759/8 1201/844/8 1200/852/8
f 1160/759/8 1102/758/8 1202/845/8 1201/844/8
f 1102/758/8 1104/820/8 1199/854/8 1202/845/8
f 1100/817/8 1159/782/8 1204/877/8 1203/878/8
f 1159/782/8 1162/821/8 1205/879/8 1204/877/8
f 1162/821/8 1106/828/8 1206/880/8 1205/879/8
f 1106/828/8 1100/817/8 1203/878/8 1206/880/8
f 1112/825/8 1165/848/8 1208/850/8 1207/840/8
f 1165/848/8 1163/822/8 1209/881/8 1208/850/8
f 1163/822/8 1108/827/8 1210/839/8 1209/881/8
f 1108/827/8 1112/825/8 1207/840/8 1210/839/8
f 1110/765/8 1164/823/8 1212/882/8 1211/883/8
f 1164/823/8 1166/800/8 1213/884/8 1212/882/8
f 1166/800/8 1114/764/8 1214/885/8 1213/884/8
f 1114/764/8 1110/765/8 1211/883/8 1214/885/8
f 1208/850/4 1209/881/4 1258/881/4 1255/850/4
f 1188/849/4 1189/868/4 1238/868/4 1235/849/4
f 1168/843/4 1169/855/4 1218/855/4 1215/843/4
f 1195/874/10 1196/873/10 1243/873/10 1244/874/10
f 1209/881/7 1210/839/7 1257/839/7 1258/881/7
f 1175/861/10 1176/860/10 1223/860/10 1224/861/10
f 1189/868/7 1190/837/7 1237/837/7 1238/868/7
f 1169/855/7 1170/835/7 1217/835/7 1218/855/7
f 1198/876/1 1195/874/1 1244/874/1 1245/876/1
f 1178/863/1 1175/861/1 1224/861/1 1225/863/1
f 1196/873/4 1197/875/4 1246/875/4 1243/873/4
f 1176/860/4 1177/862/4 1226/862/4 1223/860/4
f 1203/878/10 1204/877/10 1251/877/10 1252/878/10
f 1183/865/10 1184/864/10 1231/864/10 1232/865/10
f 1197/875/7 1198/876/7 1245/876/7 1246/875/7
f 1177/862/7 1178/863/7 1225/863/7 1226/862/7
f 1206/880/1 1203/878/1 1252/878/1 1253/880/1
f 1186/867/1 1183/865/1 1232/865/1 1233/867/1
f 1204/877/4 1205/879/4 1254/879/4 1251/877/4
f 1184/864/4 1185/866/4 1234/866/4 1231/864/4
f 1211/883/10 1212/882/10 1259/882/10 1260/883/10
f 1191/870/10 1192/869/10 1239/869/10 1240/870/10
f 1205/879/7 1206/880/7 1253/880/7 1254/879/7
f 1171/857/10 1172/856/10 1219/856/10 1220/857/10
f 1185/866/7 1186/867/7 1233/867/7 1234/866/7
f 1214/885/1 1211/883/1 1260/883/1 1261/885/1
f 1194/872/1 1191/870/1 1240/870/1 1241/872/1
f 1174/859/1 1171/857/1 1220/857/1 1221/859/1
f 1212/882/4 1213/884/4 1262/884/4 1259/882/4
f 1192/869/4 1193/871/4 1242/871/4 1239/869/4
f 1172/856/4 1173/858/4 1222/858/4 1219/856/4
f 1199/854/10 1200/852/10 1247/852/10 1248/854/10
f 1213/884/7 1214/885/7 1261/885/7 1262/884/7
f 1179/853/10 1180/851/10 1227/851/10 1228/853/10
f 1193/871/7 1194/872/7 1241/872/7 1242/871/7
f 1173/858/7 1174/859/7 1221/859/7 1222/858/7
f 1283/380/8 1282/719/8 1286/714/8 1285/631/8
f 1279/362/8 1284/715/8 1281/724/8 1280/303/8
f 1272/230/8 1271/728/8 1278/718/8 1277/321/8
f 1273/276/8 1276/712/8 1275/713/8 1274/199/8
f 1267/200/8 1266/735/8 1270/720/8 1269/20/8
f 1263/131/8 1268/734/8 1265/727/8 1264/132/8
f 1478/980/1 1475/981/1 1524/981/1 1525/980/1
f 1498/982/1 1495/983/1 1544/983/1 1545/982/1
f 1469/984/7 1470/985/7 1517/985/7 1518/984/7
f 1489/986/7 1490/987/7 1537/987/7 1538/986/7
f 1475/981/10 1476/988/10 1523/988/10 1524/981/10
f 1509/989/7 1510/990/7 1557/990/7 1558/989/7
f 1495/983/10 1496/992/10 1543/992/10 1544/983/10
f 1468/993/4 1469/984/4 1518/984/4 1515/993/4
f 1488/994/4 1489/986/4 1538/986/4 1535/994/4
f 1508/995/4 1509/989/4 1558/989/4 1555/995/4
f 1470/985/1 1467/996/1 1516/996/1 1517/985/1
f 1490/987/1 1487/997/1 1536/997/1 1537/987/1
f 1455/957/8 1391/956/8 1468/993/8 1467/996/8
f 1391/956/8 1394/958/8 1469/984/8 1468/993/8
f 1394/958/8 1456/934/8 1470/985/8 1469/984/8
f 1456/934/8 1455/957/8 1467/996/8 1470/985/8
f 1457/961/8 1395/960/8 1472/998/8 1471/999/8
f 1395/960/8 1398/962/8 1473/1000/8 1472/998/8
f 1398/962/8 1458/917/8 1474/1001/8 1473/1000/8
f 1458/917/8 1457/961/8 1471/999/8 1474/1001/8
f 1459/964/8 1399/929/8 1476/988/8 1475/981/8
f 1399/929/8 1402/930/8 1477/1002/8 1476/988/8
f 1402/930/8 1460/966/8 1478/980/8 1477/1002/8
f 1460/966/8 1459/964/8 1475/981/8 1478/980/8
f 1461/969/8 1403/968/8 1480/1003/8 1479/1004/8
f 1403/968/8 1406/970/8 1481/1005/8 1480/1003/8
f 1406/970/8 1462/991/8 1482/1006/8 1481/1005/8
f 1462/991/8 1461/969/8 1479/1004/8 1482/1006/8
f 1463/973/8 1407/972/8 1484/1007/8 1483/1008/8
f 1407/972/8 1410/974/8 1485/1009/8 1484/1007/8
f 1410/974/8 1464/975/8 1486/1010/8 1485/1009/8
f 1464/975/8 1463/973/8 1483/1008/8 1486/1010/8
f 1465/940/8 1411/941/8 1488/994/8 1487/997/8
f 1411/941/8 1414/976/8 1489/986/8 1488/994/8
f 1414/976/8 1466/978/8 1490/987/8 1489/986/8
f 1466/978/8 1465/940/8 1487/997/8 1490/987/8
f 1412/979/8 1465/940/8 1492/1011/8 1491/1012/8
f 1465/940/8 1466/978/8 1493/1013/8 1492/1011/8
f 1466/978/8 1413/977/8 1494/1014/8 1493/1013/8
f 1413/977/8 1412/979/8 1491/1012/8 1494/1014/8
f 1408/926/8 1463/973/8 1496/992/8 1495/983/8
f 1463/973/8 1464/975/8 1497/1015/8 1496/992/8
f 1464/975/8 1409/925/8 1498/982/8 1497/1015/8
f 1409/925/8 1408/926/8 1495/983/8 1498/982/8
f 1404/951/8 1461/969/8 1500/1016/8 1499/1017/8
f 1461/969/8 1462/991/8 1501/1018/8 1500/1016/8
f 1462/991/8 1405/950/8 1502/1019/8 1501/1018/8
f 1405/950/8 1404/951/8 1499/1017/8 1502/1019/8
f 1400/967/8 1459/964/8 1504/1020/8 1503/1021/8
f 1459/964/8 1460/966/8 1505/1022/8 1504/1020/8
f 1460/966/8 1401/965/8 1506/1023/8 1505/1022/8
f 1401/965/8 1400/967/8 1503/1021/8 1506/1023/8
f 1396/963/8 1457/961/8 1508/995/8 1507/1024/8
f 1457/961/8 1458/917/8 1509/989/8 1508/995/8
f 1458/917/8 1397/918/8 1510/990/8 1509/989/8
f 1397/918/8 1396/963/8 1507/1024/8 1510/990/8
f 1392/959/8 1455/957/8 1512/1025/8 1511/1026/8
f 1455/957/8 1456/934/8 1513/1027/8 1512/1025/8
f 1456/934/8 1393/935/8 1514/1028/8 1513/1027/8
f 1393/935/8 1392/959/8 1511/1026/8 1514/1028/8
f 1496/992/4 1497/1015/4 1546/1015/4 1543/992/4
f 1476/988/4 1477/1002/4 1526/1002/4 1523/988/4
f 1503/1021/10 1504/1020/10 1551/1020/10 1552/1021/10
f 1483/1008/10 1484/1007/10 1531/1007/10 1532/1008/10
f 1497/1015/7 1498/982/7 1545/982/7 1546/1015/7
f 1477/1002/7 1478/980/7 1525/980/7 1526/1002/7
f 1506/1023/1 1503/1021/1 1552/1021/1 1553/1023/1
f 1486/1010/1 1483/1008/1 1532/1008/1 1533/1010/1
f 1504/1020/4 1505/1022/4 1554/1022/4 1551/1020/4
f 1484/1007/4 1485/1009/4 1534/1009/4 1531/1007/4
f 1511/1026/10 1512/1025/10 1559/1025/10 1560/1026/10
f 1491/1012/10 1492/1011/10 1539/1011/10 1540/1012/10
f 1505/1022/7 1506/1023/7 1553/1023/7 1554/1022/7
f 1471/999/10 1472/998/10 1519/998/10 1520/999/10
f 1485/1009/7 1486/1010/7 1533/1010/7 1534/1009/7
f 1514/1028/1 1511/1026/1 1560/1026/1 1561/1028/1
f 1494/1014/1 1491/1012/1 1540/1012/1 1541/1014/1
f 1474/1001/1 1471/999/1 1520/999/1 1521/1001/1
f 1512/1025/4 1513/1027/4 1562/1027/4 1559/1025/4
f 1492/1011/4 1493/1013/4 1542/1013/4 1539/1011/4
f 1472/998/4 1473/1000/4 1522/1000/4 1519/998/4
f 1499/1017/10 1500/1016/10 1547/1016/10 1548/1017/10
f 1513/1027/7 1514/1028/7 1561/1028/7 1562/1027/7
f 1479/1004/10 1480/1003/10 1527/1003/10 1528/1004/10
f 1493/1013/7 1494/1014/7 1541/1014/7 1542/1013/7
f 1473/1000/7 1474/1001/7 1521/1001/7 1522/1000/7
f 1502/1019/1 1499/1017/1 1548/1017/1 1549/1019/1
f 1482/1006/1 1479/1004/1 1528/1004/1 1529/1006/1
f 1500/1016/4 1501/1018/4 1550/1018/4 1547/1016/4
f 1480/1003/4 1481/1005/4 1530/1005/4 1527/1003/4
f 1507/1024/10 1508/995/10 1555/995/10 1556/1024/10
f 1487/997/10 1488/994/10 1535/994/10 1536/997/10
f 1501/1018/7 1502/1019/7 1549/1019/7 1550/1018/7
f 1467/996/10 1468/993/10 1515/993/10 1516/996/10
f 1481/1005/7 1482/1006/7 1529/1006/7 1530/1005/7
f 1510/990/1 1507/1024/1 1556/1024/1 1557/990/1
f 1583/378/8 1582/893/8 1586/888/8 1585/630/8
f 1579/364/8 1584/889/8 1581/899/8 1580/301/8
f 1572/232/8 1571/903/8 1578/892/8 1577/323/8
f 1573/278/8 1576/900/8 1575/909/8 1574/195/8
f 1567/196/8 1566/910/8 1570/914/8 1569/32/8
f 1563/123/8 1568/896/8 1565/897/8 1564/124/8
f 1613/157/47 1587/215/47 1643/215/47 1669/157/47
f 1588/3/48 1611/2/48 1667/2/48 1644/3/48
f 1597/56/49 1610/188/49 1666/188/49 1653/56/49
f 1630/325/50 1618/7/50 1674/7/50 1686/325/50
f 1592/138/51 1593/139/51 1649/139/51 1648/138/51
f 1608/135/52 1590/1/52 1646/1/52 1664/135/52
f 1617/222/52 1629/13/52 1685/13/52 1673/222/52
f 1591/141/48 1592/138/48 1648/138/48 1647/141/48
f 1616/249/47 1628/338/47 1684/338/47 1672/249/47
f 1640/628/49 1638/376/49 1694/376/49 1696/628/49
f 1590/1/52 1589/4/52 1645/4/52 1646/1/52
f 1627/210/48 1615/211/48 1671/211/48 1683/210/48
f 1637/14/52 1639/634/52 1695/634/52 1693/14/52
f 1589/4/53 1588/3/53 1644/3/53 1645/4/53
f 1603/112/49 1594/53/49 1650/53/49 1659/112/49
f 1636/240/47 1642/241/47 1698/241/47 1692/240/47
f 1593/139/52 1599/140/52 1655/140/52 1649/139/52
f 1641/358/48 1635/382/48 1691/382/48 1697/358/48
f 1598/60/54 1606/109/54 1662/109/54 1654/60/54
f 1620/281/50 1626/202/50 1682/202/50 1676/281/50
f 1602/142/48 1591/141/48 1647/141/48 1658/142/48
f 1625/274/52 1619/270/52 1675/270/52 1681/274/52
f 1624/311/54 1622/226/54 1678/226/54 1680/311/54
f 1642/241/47 1634/319/47 1690/319/47 1698/241/47
f 1621/5/48 1623/6/48 1679/6/48 1677/5/48
f 1633/305/48 1641/358/48 1697/358/48 1689/305/48
f 1614/158/47 1613/157/47 1669/157/47 1670/158/47
f 1632/203/50 1640/628/50 1696/628/50 1688/203/50
f 222/249/28 270/338/28 1628/338/28 1616/249/28
f 22/53/55 24/52/55 1596/52/55 1594/53/55
f 78/188/3 174/187/3 1609/187/3 1610/188/3
f 193/6/2 253/305/2 1633/305/2 1623/6/2
f 110/140/6 50/143/6 1600/143/6 1599/140/6
f 23/57/3 126/56/3 1597/56/3 1595/57/3
f 282/376/3 234/325/3 1630/325/3 1638/376/3
f 145/227/5 51/142/5 1602/142/5 1601/227/5
f 24/52/28 102/60/28 1598/60/28 1596/52/28
f 21/61/56 23/57/56 1595/57/56 1587/61/56
f 138/157/28 21/215/28 1587/215/28 1613/157/28
f 1/139/35 110/140/35 1599/140/35 1593/139/35
f 198/311/28 186/226/28 1622/226/28 1624/311/28
f 206/270/35 170/134/35 1607/134/35 1619/270/35
f 258/319/28 198/311/28 1624/311/28 1634/319/28
f 133/2/2 85/206/2 1612/206/2 1611/2/2
f 278/14/6 716/634/6 1639/634/6 1637/14/6
f 114/112/3 22/53/3 1594/53/3 1603/112/3
f 158/222/35 230/13/35 1629/13/35 1617/222/35
f 217/211/2 145/227/2 1601/227/2 1615/211/2
f 716/634/6 654/273/6 1631/273/6 1639/634/6
f 174/187/3 210/281/3 1620/281/3 1609/187/3
f 59/8/3 114/112/3 1603/112/3 1604/8/3
f 696/382/5 265/210/5 1627/210/5 1635/382/5
f 719/628/3 282/376/3 1638/376/3 1640/628/3
f 60/109/28 150/108/28 1605/108/28 1606/109/28
f 657/203/3 719/628/3 1640/628/3 1632/203/3
f 234/325/3 162/7/3 1618/7/3 1630/325/3
f 1651/57/10 1645/4/10 1644/1029/10 1643/61/10
f 1654/60/9 1647/1030/9 1648/1031/9 1652/52/9
f 1653/56/8 1646/1/8 1645/4/8 1651/57/8
f 1652/52/7 1648/1031/7 1649/139/7 1650/53/7
f 1659/112/8 1655/140/8 1656/143/8 1660/8/8
f 1661/108/9 1657/1032/9 1658/1033/9 1662/109/9
f 1669/157/9 1667/1034/9 1668/1035/9 1670/158/9
f 1665/187/8 1663/134/8 1664/135/8 1666/188/8
f 1650/53/8 1649/139/8 1655/140/8 1659/112/8
f 1662/109/9 1658/1033/9 1647/1030/9 1654/60/9
f 1643/215/9 1644/1036/9 1667/1034/9 1669/157/9
f 1666/188/8 1664/135/8 1646/1/8 1653/56/8
f 1660/8/8 1656/143/8 1673/222/8 1674/7/8
f 1672/249/9 1671/1037/9 1657/1032/9 1661/108/9
f 1670/158/9 1668/1035/9 1677/1038/9 1678/226/9
f 1676/281/8 1675/270/8 1663/134/8 1665/187/8
f 1682/202/8 1681/274/8 1675/270/8 1676/281/8
f 1678/226/9 1677/1038/9 1679/1039/9 1680/311/9
f 1674/7/8 1673/222/8 1685/13/8 1686/325/8
f 1684/338/9 1683/1040/9 1671/1037/9 1672/249/9
f 1680/311/9 1679/1039/9 1689/1041/9 1690/319/9
f 1688/203/8 1687/273/8 1681/274/8 1682/202/8
f 1686/325/8 1685/13/8 1693/14/8 1694/376/8
f 1692/240/9 1691/1042/9 1683/1040/9 1684/338/9
f 1690/319/9 1689/1041/9 1697/1043/9 1698/241/9
f 1696/628/8 1695/634/8 1687/273/8 1688/203/8
f 1694/376/8 1693/14/8 1695/634/8 1696/628/8
f 1698/241/9 1697/1043/9 1691/1042/9 1692/240/9
f 1631/273/57 1625/274/57 1681/274/57 1687/273/57
f 1594/53/58 1596/52/58 1652/52/58 1650/53/58
f 1626/202/50 1632/203/50 1688/203/50 1682/202/50
f 1595/57/49 1597/56/49 1653/56/49 1651/57/49
f 1623/6/48 1633/305/48 1689/305/48 1679/6/48
f 1615/211/48 1601/227/48 1657/227/48 1671/211/48
f 1596/52/54 1598/60/54 1654/60/54 1652/52/54
f 1634/319/54 1624/311/54 1680/311/54 1690/319/54
f 1605/108/54 1616/249/54 1672/249/54 1661/108/54
f 1587/61/59 1595/57/59 1651/57/59 1643/61/59
f 1600/143/57 1617/222/57 1673/222/57 1656/143/57
f 1599/140/52 1600/143/52 1656/143/52 1655/140/52
f 1618/7/49 1604/8/49 1660/8/49 1674/7/49
f 1601/227/60 1602/142/60 1658/142/60 1657/227/60
f 1635/382/48 1627/210/48 1683/210/48 1691/382/48
f 1604/8/50 1603/112/50 1659/112/50 1660/8/50
f 1628/338/47 1636/240/47 1692/240/47 1684/338/47
f 1606/109/47 1605/108/47 1661/108/47 1662/109/47
f 1629/13/52 1637/14/52 1693/14/52 1685/13/52
f 1619/270/52 1607/134/52 1663/134/52 1675/270/52
f 1638/376/49 1630/325/49 1686/325/49 1694/376/49
f 1609/187/50 1620/281/50 1676/281/50 1665/187/50
f 1612/206/48 1621/5/48 1677/5/48 1668/206/48
f 1607/134/52 1608/135/52 1664/135/52 1663/134/52
f 1622/226/47 1614/158/47 1670/158/47 1678/226/47
f 1610/188/49 1609/187/49 1665/187/49 1666/188/49
f 1639/634/57 1631/273/57 1687/273/57 1695/634/57
f 1611/2/48 1612/206/48 1668/206/48 1667/2/48
usemtl Glass
f 510/473/8 509/474/8 512/486/8 511/487/8
f 514/489/8 513/488/8 516/481/8 515/482/8
f 518/491/8 517/490/8 520/492/8 519/493/8
f 522/480/8 521/477/8 524/471/8 523/472/8
f 526/495/8 525/494/8 528/496/8 527/497/8
f 530/475/8 529/476/8 532/498/8 531/499/8
f 534/501/8 533/500/8 536/483/8 535/484/8
f 538/503/8 537/502/8 540/504/8 539/505/8
f 888/680/8 887/678/8 890/672/8 889/673/8
f 892/682/8 891/681/8 894/683/8 893/684/8
f 896/669/8 895/664/8 898/665/8 897/668/8
f 900/686/8 899/685/8 902/687/8 901/688/8
f 904/690/8 903/689/8 906/691/8 905/692/8
f 908/693/8 907/679/8 910/674/8 909/675/8
f 912/695/8 911/694/8 914/696/8 913/697/8
f 916/671/8 915/666/8 918/667/8 917/670/8
f 920/699/8 919/698/8 922/700/8 921/701/8
f 924/662/8 923/663/8 926/702/8 925/703/8
f 928/705/8 927/704/8 930/676/8 929/677/8
f 932/707/8 931/706/8 934/708/8 933/709/8
f 1216/836/8 1215/843/8 1218/855/8 1217/835/8
f 1220/857/8 1219/856/8 1222/858/8 1221/859/8
f 1224/861/8 1223/860/8 1226/862/8 1225/863/8
f 1228/853/8 1227/851/8 1230/841/8 1229/842/8
f 1232/865/8 1231/864/8 1234/866/8 1233/867/8
f 1236/838/8 1235/849/8 1238/868/8 1237/837/8
f 1240/870/8 1239/869/8 1242/871/8 1241/872/8
f 1244/874/8 1243/873/8 1246/875/8 1245/876/8
f 1248/854/8 1247/852/8 1250/844/8 1249/845/8
f 1252/878/8 1251/877/8 1254/879/8 1253/880/8
f 1256/840/8 1255/850/8 1258/881/8 1257/839/8
f 1260/883/8 1259/882/8 1262/884/8 1261/885/8
f 1516/996/8 1515/993/8 1518/984/8 1517/985/8
f 1520/999/8 1519/998/8 1522/1000/8 1521/1001/8
f 1524/981/8 1523/988/8 1526/1002/8 1525/980/8
f 1528/1004/8 1527/1003/8 1530/1005/8 1529/1006/8
f 1532/1008/8 1531/1007/8 1534/1009/8 1533/1010/8
f 1536/997/8 1535/994/8 1538/986/8 1537/987/8
f 1540/1012/8 1539/1011/8 1542/1013/8 1541/1014/8
f 1544/983/8 1543/992/8 1546/1015/8 1545/982/8
f 1548/1017/8 1547/1016/8 1550/1018/8 1549/1019/8
f 1552/1021/8 1551/1020/8 1554/1022/8 1553/1023/8
f 1556/1024/8 1555/995/8 1558/989/8 1557/990/8
f 1560/1026/8 1559/1025/8 1562/1027/8 1561/1028/8
